Study_ID,Citation,Year,SAR_TYPE,Island.Type,Lat,Long,Study location,Ecoregion,Number of islands/patches in study,Island_or_Mainland,Min_A,Max_A,Range(order of magnitude),Island Area (m2),Distance From Mainland (m),Species Richness,Total species richness on islands ,Total species richness on islands and mianland,Sampling Method,Number of Sampling Methods,Z,Std. Error,R2,Signifcant?,Notes,
1,"Goldstein, 1975",1971,Insular,Continental,41.248987,-72.757859,The Thimble Islands,Nearctic,9,Island,161,43548,2.432142338,3062,111,12,31,34,Hand,1,0.404,,0.63,,,
1,"Goldstein, 1975",1971,Insular,Continental,41.248987,-72.757859,The Thimble Islands,Nearctic,9,Island,161,43548,2.432142338,4194,282,11,31,34,Hand,1,0.404,,0.63,,,
1,"Goldstein, 1975",1971,Insular,Continental,41.248987,-72.757859,The Thimble Islands,Nearctic,9,Island,161,43548,2.432142338,484,563,3,31,34,Hand,1,0.404,,0.63,,,
1,"Goldstein, 1975",1971,Insular,Continental,41.248987,-72.757859,The Thimble Islands,Nearctic,9,Island,161,43548,2.432142338,161,483,1,31,34,Hand,1,0.404,,0.63,,,
1,"Goldstein, 1975",1971,Insular,Continental,41.248987,-72.757859,The Thimble Islands,Nearctic,9,Island,161,43548,2.432142338,968,483,2,31,34,Hand,1,0.404,,0.63,,,
1,"Goldstein, 1975",1971,Insular,Continental,41.248987,-72.757859,The Thimble Islands,Nearctic,9,Island,161,43548,2.432142338,645,201,2,31,34,Hand,1,0.404,,0.63,,,
1,"Goldstein, 1975",1971,Insular,Continental,41.248987,-72.757859,The Thimble Islands,Nearctic,9,Island,161,43548,2.432142338,1612,925,1,31,34,Hand,1,0.404,,0.63,,,
1,"Goldstein, 1975",1971,Insular,Continental,41.248987,-72.757859,The Thimble Islands,Nearctic,9,Island,161,43548,2.432142338,484,966,2,31,34,Hand,1,0.404,,0.63,,,
1,"Goldstein, 1975",1971,Insular,Continental,41.248987,-72.757859,The Thimble Islands,Nearctic,9,Island,161,43548,2.432142338,43548,1569,21,31,34,Hand,1,0.404,,0.63,,,
1,"Goldstein, 1975",1972,Insular,Continental,41.248987,-72.757859,The Thimble Islands,Nearctic,9,Mainland,161,43548,2.432142338,61532,0,31,31,34,Hand,1,0.404,,0.63,,,
2,"Bandano et al, 2005",1999,Mainland,Habitat-patches,-25.313081,-65.445719,Argentina,Neotropic,9,Island,1686,625163,2.569135696,23786,250,7,23,,Vaccum,1,0.19,0.056,0.63,Y,,
2,"Bandano et al, 2005",1999,Mainland,Habitat-patches,-25.313081,-65.445719,Argentina,Neotropic,9,Island,1686,625163,2.569135696,42090,198,16,23,,Vaccum,1,0.19,0.056,0.63,Y,,
2,"Bandano et al, 2005",1999,Mainland,Habitat-patches,-25.313081,-65.445719,Argentina,Neotropic,9,Island,1686,625163,2.569135696,15363,143,7,23,,Vaccum,1,0.19,0.056,0.63,Y,,
2,"Bandano et al, 2005",1999,Mainland,Habitat-patches,-25.313081,-65.445719,Argentina,Neotropic,9,Island,1686,625163,2.569135696,625163,10,18,23,,Vaccum,1,0.19,0.056,0.63,Y,,
2,"Bandano et al, 2005",1999,Mainland,Habitat-patches,-25.313081,-65.445719,Argentina,Neotropic,9,Island,1686,625163,2.569135696,5498,167,5,23,,Vaccum,1,0.19,0.056,0.63,Y,,
2,"Bandano et al, 2005",1999,Mainland,Habitat-patches,-25.313081,-65.445719,Argentina,Neotropic,9,Island,1686,625163,2.569135696,52439,251,8,23,,Vaccum,1,0.19,0.056,0.63,Y,,
2,"Bandano et al, 2005",1999,Mainland,Habitat-patches,-25.313081,-65.445719,Argentina,Neotropic,9,Island,1686,625163,2.569135696,2486,732,6,23,,Vaccum,1,0.19,0.056,0.63,Y,,
2,"Bandano et al, 2005",1999,Mainland,Habitat-patches,-25.313081,-65.445719,Argentina,Neotropic,9,Island,1686,625163,2.569135696,2487,120,7,23,,Vaccum,1,0.19,0.056,0.63,Y,,
2,"Bandano et al, 2005",1999,Mainland,Habitat-patches,-25.313081,-65.445719,Argentina,Neotropic,9,Island,1686,625163,2.569135696,1686,198,6,23,,Vaccum,1,0.19,0.056,0.63,Y,,
3,"Clark et al, 2011",2005-2009,Insular,Continental,42.3602,-71.0524,Boston Harbor Islands,Nearctic,9,Island,10000,1200000,2.079181246,1200000,640,27,48,51,"Pitfall, Malaise,UV, hand sampling",5,0.04,0.056,0.06,Y,,
3,"Clark et al, 2011",2005-2010,Insular,Continental,42.3602,-71.0524,Boston Harbor Islands,Nearctic,9,Island,10000,1200000,2.079181246,70000,3290,22,48,51,"Pitfall, Malaise,UV, hand sampling",5,0.04,0.056,0.06,Y,,
3,"Clark et al, 2011",2005-2011,Insular,Continental,42.3602,-71.0524,Boston Harbor Islands,Nearctic,9,Island,10000,1200000,2.079181246,220000,370,37,48,51,"Pitfall, Malaise,UV, hand sampling",5,0.04,0.056,0.06,Y,,
3,"Clark et al, 2011",2005-2012,Insular,Continental,42.3602,-71.0524,Boston Harbor Islands,Nearctic,9,Island,10000,1200000,2.079181246,80000,2360,22,48,51,"Pitfall, Malaise,UV, hand sampling",5,0.04,0.056,0.06,Y,,
3,"Clark et al, 2011",2005-2013,Insular,Continental,42.3602,-71.0524,Boston Harbor Islands,Nearctic,9,Island,10000,1200000,2.079181246,20000,520,32,48,51,"Pitfall, Malaise,UV, hand sampling",5,0.04,0.056,0.06,Y,,
3,"Clark et al, 2011",2005-2014,Insular,Continental,42.3602,-71.0524,Boston Harbor Islands,Nearctic,9,Island,10000,1200000,2.079181246,10000,320,27,48,51,"Pitfall, Malaise,UV, hand sampling",5,0.04,0.056,0.06,Y,,
3,"Clark et al, 2011",2005-2015,Insular,Continental,42.3602,-71.0524,Boston Harbor Islands,Nearctic,9,Island,10000,1200000,2.079181246,30000,350,22,48,51,"Pitfall, Malaise,UV, hand sampling",5,0.04,0.056,0.06,Y,,
3,"Clark et al, 2011",2005-2016,Insular,Continental,42.3602,-71.0524,Boston Harbor Islands,Nearctic,9,Island,10000,1200000,2.079181246,350000,1920,22,48,51,"Pitfall, Malaise,UV, hand sampling",5,0.04,0.056,0.06,Y,,
3,"Clark et al, 2011",2005-2017,Insular,Continental,42.3602,-71.0524,Boston Harbor Islands,Nearctic,9,Island,10000,1200000,2.079181246,540000,510,40,48,51,"Pitfall, Malaise,UV, hand sampling",5,0.04,0.056,0.06,Y,,
3,"Clark et al, 2011",2005-2018,Insular,Continental,42.3602,-71.0524,Boston Harbor Islands,Nearctic,9,Mainland,10000,1200000,2.079181246,1080000,0,40,48,51,"Pitfall, Malaise,UV, hand sampling",5,0.04,0.056,0.06,Y,,
4,Boomsma et al. 1987,1981-1984,Insular,Continental,53.433934,5.507761,Frisian Islands,Palearctic,18,Island,240000,162000000,2.829303773,162000000,63000,17,25,,"Hand, soil core, sieving",3,0.407,,0.896,,,
4,Boomsma et al. 1987,1981-1984,Insular,Continental,53.433934,5.507761,Frisian Islands,Palearctic,18,Island,240000,162000000,2.829303773,33000000,66000,13,25,,"Hand, soil core, sieving",3,0.407,,0.896,,,
4,Boomsma et al. 1987,1981-1984,Insular,Continental,53.433934,5.507761,Frisian Islands,Palearctic,18,Island,240000,162000000,2.829303773,240000,57000,1,25,,"Hand, soil core, sieving",3,0.407,,0.896,,,
4,Boomsma et al. 1987,1981-1984,Insular,Continental,53.433934,5.507761,Frisian Islands,Palearctic,18,Island,240000,162000000,2.829303773,96000000,54000,19,25,,"Hand, soil core, sieving",3,0.407,,0.896,,,
4,Boomsma et al. 1987,1981-1984,Insular,Continental,53.433934,5.507761,Frisian Islands,Palearctic,18,Island,240000,162000000,2.829303773,56000000,44000,14,25,,"Hand, soil core, sieving",3,0.407,,0.896,,,
4,Boomsma et al. 1987,1981-1984,Insular,Continental,53.433934,5.507761,Frisian Islands,Palearctic,18,Island,240000,162000000,2.829303773,26000000,41000,18,25,,"Hand, soil core, sieving",3,0.407,,0.896,,,
4,Boomsma et al. 1987,1981-1984,Insular,Continental,53.433934,5.507761,Frisian Islands,Palearctic,18,Island,240000,162000000,2.829303773,6000000,44000,5,25,,"Hand, soil core, sieving",3,0.407,,0.896,,,
4,Boomsma et al. 1987,1981-1984,Insular,Continental,53.433934,5.507761,Frisian Islands,Palearctic,18,Island,240000,162000000,2.829303773,4000000,45000,3,25,,"Hand, soil core, sieving",3,0.407,,0.896,,,
4,Boomsma et al. 1987,1981-1984,Insular,Continental,53.433934,5.507761,Frisian Islands,Palearctic,18,Island,240000,162000000,2.829303773,36500000,30000,12,25,,"Hand, soil core, sieving",3,0.407,,0.896,,,
4,Boomsma et al. 1987,1981-1984,Insular,Continental,53.433934,5.507761,Frisian Islands,Palearctic,18,Island,240000,162000000,2.829303773,1000000,24000,1,25,,"Hand, soil core, sieving",3,0.407,,0.896,,,
4,Boomsma et al. 1987,1981-1984,Insular,Continental,53.433934,5.507761,Frisian Islands,Palearctic,18,Island,240000,162000000,2.829303773,10000000,23500,4,25,,"Hand, soil core, sieving",3,0.407,,0.896,,,
4,Boomsma et al. 1987,1981-1984,Insular,Continental,53.433934,5.507761,Frisian Islands,Palearctic,18,Island,240000,162000000,2.829303773,16000000,18500,11,25,,"Hand, soil core, sieving",3,0.407,,0.896,,,
4,Boomsma et al. 1987,1981-1984,Insular,Continental,53.433934,5.507761,Frisian Islands,Palearctic,18,Island,240000,162000000,2.829303773,24000000,10000,14,25,,"Hand, soil core, sieving",3,0.407,,0.896,,,
4,Boomsma et al. 1987,1981-1984,Insular,Continental,53.433934,5.507761,Frisian Islands,Palearctic,18,Island,240000,162000000,2.829303773,8000000,12000,13,25,,"Hand, soil core, sieving",3,0.407,,0.896,,,
4,Boomsma et al. 1987,1981-1984,Insular,Continental,53.433934,5.507761,Frisian Islands,Palearctic,18,Island,240000,162000000,2.829303773,19000000,11000,14,25,,"Hand, soil core, sieving",3,0.407,,0.896,,,
4,Boomsma et al. 1987,1981-1984,Insular,Continental,53.433934,5.507761,Frisian Islands,Palearctic,18,Island,240000,162000000,2.829303773,15000000,14000,12,25,,"Hand, soil core, sieving",3,0.407,,0.896,,,
4,Boomsma et al. 1987,1981-1984,Insular,Continental,53.433934,5.507761,Frisian Islands,Palearctic,18,Island,240000,162000000,2.829303773,8000000,21000,10,25,,"Hand, soil core, sieving",3,0.407,,0.896,,,
4,Boomsma et al. 1987,1981-1984,Insular,Continental,53.433934,5.507761,Frisian Islands,Palearctic,18,Island,240000,162000000,2.829303773,8000000,16500,0,25,,"Hand, soil core, sieving",3,0.407,,0.896,,,
5,Rizali et al. 2010,2005,Insular,Continental,-6.040862,106.584072,Kepulauan Seribu,Indomalaya,18,Island,10000,528700,1.72320931,82300,2200,14,48,,Hand,1,0.13,0.05,0.22,Y,,
5,Rizali et al. 2010,2005,Insular,Continental,-6.040862,106.584072,Kepulauan Seribu,Indomalaya,18,Island,10000,528700,1.72320931,458000,4200,34,48,,Hand,1,0.13,0.05,0.22,Y,,
5,Rizali et al. 2010,2005,Insular,Continental,-6.040862,106.584072,Kepulauan Seribu,Indomalaya,18,Island,10000,528700,1.72320931,391200,4800,29,48,,Hand,1,0.13,0.05,0.22,Y,,
5,Rizali et al. 2010,2005,Insular,Continental,-6.040862,106.584072,Kepulauan Seribu,Indomalaya,18,Island,10000,528700,1.72320931,164300,7000,33,48,,Hand,1,0.13,0.05,0.22,Y,,
5,Rizali et al. 2010,2005,Insular,Continental,-6.040862,106.584072,Kepulauan Seribu,Indomalaya,18,Island,10000,528700,1.72320931,264300,9400,28,48,,Hand,1,0.13,0.05,0.22,Y,,
5,Rizali et al. 2010,2005,Insular,Continental,-6.040862,106.584072,Kepulauan Seribu,Indomalaya,18,Island,10000,528700,1.72320931,528700,16100,35,48,,Hand,1,0.13,0.05,0.22,Y,,
5,Rizali et al. 2010,2005,Insular,Continental,-6.040862,106.584072,Kepulauan Seribu,Indomalaya,18,Island,10000,528700,1.72320931,227400,20800,25,48,,Hand,1,0.13,0.05,0.22,Y,,
5,Rizali et al. 2010,2005,Insular,Continental,-6.040862,106.584072,Kepulauan Seribu,Indomalaya,18,Island,10000,528700,1.72320931,197100,22800,27,48,,Hand,1,0.13,0.05,0.22,Y,,
5,Rizali et al. 2010,2005,Insular,Continental,-6.040862,106.584072,Kepulauan Seribu,Indomalaya,18,Island,10000,528700,1.72320931,199200,28600,31,48,,Hand,1,0.13,0.05,0.22,Y,,
5,Rizali et al. 2010,2005,Insular,Continental,-6.040862,106.584072,Kepulauan Seribu,Indomalaya,18,Island,10000,528700,1.72320931,10000,31200,18,48,,Hand,1,0.13,0.05,0.22,Y,,
5,Rizali et al. 2010,2005,Insular,Continental,-6.040862,106.584072,Kepulauan Seribu,Indomalaya,18,Island,10000,528700,1.72320931,226500,34200,29,48,,Hand,1,0.13,0.05,0.22,Y,,
5,Rizali et al. 2010,2005,Insular,Continental,-6.040862,106.584072,Kepulauan Seribu,Indomalaya,18,Island,10000,528700,1.72320931,58000,35100,27,48,,Hand,1,0.13,0.05,0.22,Y,,
5,Rizali et al. 2010,2005,Insular,Continental,-6.040862,106.584072,Kepulauan Seribu,Indomalaya,18,Island,10000,528700,1.72320931,86200,43200,28,48,,Hand,1,0.13,0.05,0.22,Y,,
5,Rizali et al. 2010,2005,Insular,Continental,-6.040862,106.584072,Kepulauan Seribu,Indomalaya,18,Island,10000,528700,1.72320931,96300,45900,28,48,,Hand,1,0.13,0.05,0.22,Y,,
5,Rizali et al. 2010,2005,Insular,Continental,-6.040862,106.584072,Kepulauan Seribu,Indomalaya,18,Island,10000,528700,1.72320931,57600,52600,26,48,,Hand,1,0.13,0.05,0.22,Y,,
5,Rizali et al. 2010,2005,Insular,Continental,-6.040862,106.584072,Kepulauan Seribu,Indomalaya,18,Island,10000,528700,1.72320931,89600,54900,28,48,,Hand,1,0.13,0.05,0.22,Y,,
5,Rizali et al. 2010,2005,Insular,Continental,-6.040862,106.584072,Kepulauan Seribu,Indomalaya,18,Island,10000,528700,1.72320931,216500,59600,21,48,,Hand,1,0.13,0.05,0.22,Y,,
5,Rizali et al. 2010,2005,Insular,Continental,-6.040862,106.584072,Kepulauan Seribu,Indomalaya,18,Island,10000,528700,1.72320931,214200,62600,19,48,,Hand,1,0.13,0.05,0.22,Y,,
6,Dean & Bond 1990,1988,Mainland,Habitat-patches,-30.6008,25.4945,hendrik verwoerd dam,Afrotropic,6,Island,10000,450000,1.653212514,28000,200,1,13,,Bait,1,0.13,0.05,0.22,Y,,
6,Dean & Bond 1990,1988,Mainland,Habitat-patches,-30.6008,25.4945,hendrik verwoerd dam,Afrotropic,6,Island,10000,450000,1.653212514,155000,2600,4,13,,Bait,1,0.13,0.05,0.22,Y,,
6,Dean & Bond 1990,1988,Mainland,Habitat-patches,-30.6008,25.4945,hendrik verwoerd dam,Afrotropic,6,Island,10000,450000,1.653212514,39000,900,2,13,,Bait,1,0.13,0.05,0.22,Y,,
6,Dean & Bond 1990,1988,Mainland,Habitat-patches,-30.6008,25.4945,hendrik verwoerd dam,Afrotropic,6,Island,10000,450000,1.653212514,450000,2000,14,13,,Bait,1,0.13,0.05,0.22,Y,,
6,Dean & Bond 1990,1988,Mainland,Habitat-patches,-30.6008,25.4945,hendrik verwoerd dam,Afrotropic,6,Island,10000,450000,1.653212514,10000,800,2,13,,Bait,1,0.13,0.05,0.22,Y,,
6,Dean & Bond 1990,1988,Mainland,Habitat-patches,-30.6008,25.4945,hendrik verwoerd dam,Afrotropic,6,Island,10000,450000,1.653212514,10000,50,8,13,,Bait,1,0.13,0.05,0.22,Y,,
7a,"Wilson, 1961",,Insular,Continental,-8.245769,147.034452,New Guinea,Australasia,5,,,,,,,,,,,,0.088,,,,,
7b,"Wilson, 1961",,Insular,Oceanic,-9.590903,160.283241,Melanesian Islands,Australasia,26,,,,4,,,,,,,,0.298,,,,,
8,Cuisi et al. 2015,2003,Mainland,Habitat-patches,-20.983333,-55.183333,"Corumba, County, Brazil",Neotropic,8,Island,1200,6075,0.704365036,4800,230,38,71,83,"Pitfalls epigaeic, hypogaeic",1,0.67,,0.66,,,
8,Cuisi et al. 2015,2003,Mainland,Habitat-patches,-20.983333,-55.183333,"Corumba, County, Brazil",Neotropic,8,Island,1200,6075,0.704365036,3675,110,37,71,83,"Pitfalls epigaeic, hypogaeic",1,0.67,,0.66,,,
8,Cuisi et al. 2015,2003,Mainland,Habitat-patches,-20.983333,-55.183333,"Corumba, County, Brazil",Neotropic,8,Island,1200,6075,0.704365036,1200,100,11,71,83,"Pitfalls epigaeic, hypogaeic",1,0.67,,0.66,,,
8,Cuisi et al. 2015,2003,Mainland,Habitat-patches,-20.983333,-55.183333,"Corumba, County, Brazil",Neotropic,8,Island,1200,6075,0.704365036,1200,110,19,71,83,"Pitfalls epigaeic, hypogaeic",1,0.67,,0.66,,,
8,Cuisi et al. 2015,2003,Mainland,Habitat-patches,-20.983333,-55.183333,"Corumba, County, Brazil",Neotropic,8,Island,1200,6075,0.704365036,6075,380,63,71,83,"Pitfalls epigaeic, hypogaeic",1,0.67,,0.66,,,
8,Cuisi et al. 2015,2003,Mainland,Habitat-patches,-20.983333,-55.183333,"Corumba, County, Brazil",Neotropic,8,Island,1200,6075,0.704365036,1800,80,23,71,83,"Pitfalls epigaeic, hypogaeic",1,0.67,,0.66,,,
8,Cuisi et al. 2015,2003,Mainland,Habitat-patches,-20.983333,-55.183333,"Corumba, County, Brazil",Neotropic,8,Island,1200,6075,0.704365036,3675,80,20,71,83,"Pitfalls epigaeic, hypogaeic",1,0.67,,0.66,,,
8,Cuisi et al. 2015,2003,Mainland,Habitat-patches,-20.983333,-55.183333,"Corumba, County, Brazil",Neotropic,8,Island,1200,6075,0.704365036,1200,350,20,71,83,"Pitfalls epigaeic, hypogaeic",1,0.67,,0.66,,,
9,Muhlenberg et al. 1977,1975,Insular,Oceanic,-4.654378,55.445698,Central Seychelles Islands,Afrotropic,3,Island,7700,850000,2.042928201,7700,,11,,,Pitfalls ,1,0.09,,0.82,,,
9,Muhlenberg et al. 1977,1975,Insular,Oceanic,-4.654378,55.445698,Central Seychelles Islands,Afrotropic,3,Island,7700,850000,2.042928201,350000,,17,,,Pitfalls ,1,0.09,,0.82,,,
9,Muhlenberg et al. 1977,1975,Insular,Oceanic,-4.654378,55.445698,Central Seychelles Islands,Afrotropic,3,Island,7700,850000,2.042928201,850000,,16,,,Pitfalls ,1,0.09,,0.82,,,
10,"Schoerder et al, 2004",1995,Mainland,Habitat-patches,-20.75,-42.833333,"Vicosam, Brazil",Neotropic,17,Island,3.21,93.37,1.463702326,3.21,,20,,,Baited pitfalls,1,0.525,0.03481,93,Y,calculated some,
10,"Schoerder et al, 2004",1995,Mainland,Habitat-patches,-20.75,-42.833333,"Vicosam, Brazil",Neotropic,17,Island,3.21,93.37,1.463702326,3.74,,13,,,Baited pitfalls,1,0.525,,,,,
10,"Schoerder et al, 2004",1995,Mainland,Habitat-patches,-20.75,-42.833333,"Vicosam, Brazil",Neotropic,17,Island,3.21,93.37,1.463702326,4.05,,13,,,Baited pitfalls,1,0.525,,,,,
10,"Schoerder et al, 2004",1995,Mainland,Habitat-patches,-20.75,-42.833333,"Vicosam, Brazil",Neotropic,17,Island,3.21,93.37,1.463702326,4.21,,14,,,Baited pitfalls,1,0.525,,,,,
10,"Schoerder et al, 2004",1995,Mainland,Habitat-patches,-20.75,-42.833333,"Vicosam, Brazil",Neotropic,17,Island,3.21,93.37,1.463702326,4.99,,16,,,Baited pitfalls,1,0.525,,,,,
10,"Schoerder et al, 2004",1995,Mainland,Habitat-patches,-20.75,-42.833333,"Vicosam, Brazil",Neotropic,17,Island,3.21,93.37,1.463702326,5.27,,16,,,Baited pitfalls,1,0.525,,,,,
10,"Schoerder et al, 2004",1995,Mainland,Habitat-patches,-20.75,-42.833333,"Vicosam, Brazil",Neotropic,17,Island,3.21,93.37,1.463702326,5.56,,17,,,Baited pitfalls,1,0.525,,,,,
10,"Schoerder et al, 2004",1995,Mainland,Habitat-patches,-20.75,-42.833333,"Vicosam, Brazil",Neotropic,17,Island,3.21,93.37,1.463702326,5.77,,16,,,Baited pitfalls,1,0.525,,,,,
10,"Schoerder et al, 2004",1995,Mainland,Habitat-patches,-20.75,-42.833333,"Vicosam, Brazil",Neotropic,17,Island,3.21,93.37,1.463702326,6.91,,14,,,Baited pitfalls,1,0.525,,,,,
10,"Schoerder et al, 2004",1995,Mainland,Habitat-patches,-20.75,-42.833333,"Vicosam, Brazil",Neotropic,17,Island,3.21,93.37,1.463702326,7.97,,20,,,Baited pitfalls,1,0.525,,,,,
10,"Schoerder et al, 2004",1995,Mainland,Habitat-patches,-20.75,-42.833333,"Vicosam, Brazil",Neotropic,17,Island,3.21,93.37,1.463702326,8,,20,,,Baited pitfalls,1,0.525,,,,,
10,"Schoerder et al, 2004",1995,Mainland,Habitat-patches,-20.75,-42.833333,"Vicosam, Brazil",Neotropic,17,Island,3.21,93.37,1.463702326,8.56,,23,,,Baited pitfalls,1,0.525,,,,,
10,"Schoerder et al, 2004",1995,Mainland,Habitat-patches,-20.75,-42.833333,"Vicosam, Brazil",Neotropic,17,Island,3.21,93.37,1.463702326,30.13,,38,,,Baited pitfalls,1,0.525,,,,,
10,"Schoerder et al, 2004",1995,Mainland,Habitat-patches,-20.75,-42.833333,"Vicosam, Brazil",Neotropic,17,Island,3.21,93.37,1.463702326,39.21,,47,,,Baited pitfalls,1,0.525,,,,,
10,"Schoerder et al, 2004",1995,Mainland,Habitat-patches,-20.75,-42.833333,"Vicosam, Brazil",Neotropic,17,Island,3.21,93.37,1.463702326,46.16,,58,,,Baited pitfalls,1,0.525,,,,,
10,"Schoerder et al, 2004",1995,Mainland,Habitat-patches,-20.75,-42.833333,"Vicosam, Brazil",Neotropic,17,Island,3.21,93.37,1.463702326,60.53,,59,,,Baited pitfalls,1,0.525,,,,,
10,"Schoerder et al, 2004",1995,Mainland,Habitat-patches,-20.75,-42.833333,"Vicosam, Brazil",Neotropic,17,Island,3.21,93.37,1.463702326,93.37,,77,,,Baited pitfalls,1,0.525,,,,,
11,Wetterer,2002,Insular,Oceanic,-21.269657,-175.0435,Kingdom of Tonga,Oceania,7,island,87000000,18272000000,2.322266834,259000000,,36,53,,"Hand, Museum records",2,0.19,0.08,0.43,N,,
11,Wetterer,2002,Insular,Oceanic,-21.269657,-175.0435,Kingdom of Tonga,Oceania,7,island,87000000,18272000000,2.322266834,87000000,,47,53,,"Hand, Museum records",2,0.19,0.08,0.43,N,,
11,Wetterer,2002,Insular,Oceanic,-21.269657,-175.0435,Kingdom of Tonga,Oceania,7,island,87000000,18272000000,2.322266834,177000000,,37,53,,"Hand, Museum records",2,0.19,0.08,0.43,N,,
11,Wetterer,2002,Insular,Oceanic,-21.269657,-175.0435,Kingdom of Tonga,Oceania,7,island,87000000,18272000000,2.322266834,259000000,,19,53,,"Hand, Museum records",2,0.19,0.08,0.43,N,,
11,Wetterer,2002,Insular,Oceanic,-21.269657,-175.0435,Kingdom of Tonga,Oceania,7,island,87000000,18272000000,2.322266834,699000000,,53,53,,"Hand, Museum records",2,0.19,0.08,0.43,N,,
11,Wetterer,2002,Insular,Oceanic,-21.269657,-175.0435,Kingdom of Tonga,Oceania,7,island,87000000,18272000000,2.322266834,3132000000,,67,53,,"Hand, Museum records",2,0.19,0.08,0.43,N,,
11,Wetterer,2002,Insular,Oceanic,-21.269657,-175.0435,Kingdom of Tonga,Oceania,7,island,87000000,18272000000,2.322266834,18272000000,,88,53,,"Hand, Museum records",2,0.19,0.08,0.43,N,,
12,Trainor & Andersen 2010,2003-2010,Insular,Mixed,-9.8628,124.331,Timor,Indomalaya,5,Timor island,140000000,30777000000,2.342098249,30777000000,,111,154,,"pitfall, hand",2,0.39,,0.67,,Classified as oceianic because most of the islands were oceanic volcano islands,
12,Trainor & Andersen 2010,2003-2010,Insular,Mixed,-9.8628,124.331,Timor,Indomalaya,5,Wetar,140000000,30777000000,2.342098249,3900000000,,48,154,,,,0.39,,0.67,,,
12,Trainor & Andersen 2010,2003-2010,Insular,Mixed,-9.8628,124.331,Timor,Indomalaya,5,Alor,140000000,30777000000,2.342098249,2125000000,,36,154,,,,0.39,,0.67,,,
12,Trainor & Andersen 2010,2003-2010,Insular,Mixed,-9.8628,124.331,Timor,Indomalaya,5,pantar,140000000,30777000000,2.342098249,728000000,,27,154,,,,0.39,,0.67,,,
12,Trainor & Andersen 2010,2003-2010,Insular,Mixed,-9.8628,124.331,Timor,Indomalaya,5,lembata,140000000,30777000000,2.342098249,1270000000,,12,154,,,,0.39,,0.67,,,
12,Trainor & Andersen 2010,2003-2010,Insular,Mixed,-9.8628,124.331,Timor,Indomalaya,5,atauro,140000000,30777000000,2.342098249,144000000,,15,154,,,,0.39,,0.67,,,
13,Sarnat et al 2013,,Insular,Oceanic,-9.155282,159.799091,Solomon,Australasia,,Anuta,183000,5301700000,4.46196406,368264,,8,237,,,,0.2,0.08,15,Y,calculated some,self
13,Sarnat et al 2013,,Insular,Oceanic,-9.155282,159.799091,Solomon,Australasia,,Bellona,183000,5301700000,4.46196406,16094186,,32,,,,,0.2,0.08,15,Y,calculated some,
13,Sarnat et al 2013,,Insular,Oceanic,-9.155282,159.799091,Solomon,Australasia,,Choiseul,183000,5301700000,4.46196406,2970700000,,11,,,,,0.2,0.08,15,Y,,
13,Sarnat et al 2013,,Insular,Oceanic,-9.155282,159.799091,Solomon,Australasia,,Guadalcanal,183000,5301700000,4.46196406,5301700000,,107,,,,,0.2,0.08,15,Y,,
13,Sarnat et al 2013,,Insular,Oceanic,-9.155282,159.799091,Solomon,Australasia,,Kolombangara,183000,5301700000,4.46196406,687800000,,17,,,,,0.2,0.08,15,Y,,
13,Sarnat et al 2013,,Insular,Oceanic,-9.155282,159.799091,Solomon,Australasia,,Makira,183000,5301700000,4.46196406,1230000000,,142,,,,,0.2,0.08,15,Y,,
13,Sarnat et al 2013,,Insular,Oceanic,-9.155282,159.799091,Solomon,Australasia,,Malaita,183000,5301700000,4.46196406,4307000000,,71,,,,,0.2,0.08,15,Y,,
13,Sarnat et al 2013,,Insular,Oceanic,-9.155282,159.799091,Solomon,Australasia,,Malaupaina,183000,5301700000,4.46196406,6370000,,29,,,,,0.2,0.08,15,Y,,
13,Sarnat et al 2013,,Insular,Oceanic,-9.155282,159.799091,Solomon,Australasia,,Matema,183000,5301700000,4.46196406,183000,,7,,,,,0.2,0.08,15,Y,,
13,Sarnat et al 2013,,Insular,Oceanic,-9.155282,159.799091,Solomon,Australasia,,Mbaniku,183000,5301700000,4.46196406,49309000,,2,,,,,0.2,0.08,15,Y,,
13,Sarnat et al 2013,,Insular,Oceanic,-9.155282,159.799091,Solomon,Australasia,,New Georgia,183000,5301700000,4.46196406,2036000000,,18,,,,,0.2,0.08,15,Y,,
13,Sarnat et al 2013,,Insular,Oceanic,-9.155282,159.799091,Solomon,Australasia,,Ngella Sule,183000,5301700000,4.46196406,2.19E+08,,28,,,,,0.2,0.08,15,Y,,
13,Sarnat et al 2013,,Insular,Oceanic,-9.155282,159.799091,Solomon,Australasia,,Nupani,183000,5301700000,4.46196406,700106,,4,,,,,0.2,0.08,15,Y,,
13,Sarnat et al 2013,,Insular,Oceanic,-9.155282,159.799091,Solomon,Australasia,,Ontong Java Is,183000,5301700000,4.46196406,1500000000,,4,,,,,0.2,0.08,15,Y,,
13,Sarnat et al 2013,,Insular,Oceanic,-9.155282,159.799091,Solomon,Australasia,,Owaraha,183000,5301700000,4.46196406,15700000,,8,,,,,0.2,0.08,15,Y,,
13,Sarnat et al 2013,,Insular,Oceanic,-9.155282,159.799091,Solomon,Australasia,,Rendova,183000,5301700000,4.46196406,411000000,,16,,,,,0.2,0.08,15,Y,,
13,Sarnat et al 2013,,Insular,Oceanic,-9.155282,159.799091,Solomon,Australasia,,Rennell,183000,5301700000,4.46196406,660100000,,66,,,,,0.2,0.08,15,Y,,
13,Sarnat et al 2013,,Insular,Oceanic,-9.155282,159.799091,Solomon,Australasia,,Russel Is.,183000,5301700000,4.46196406,30200000,,18,,,,,0.2,0.08,15,Y,,
13,Sarnat et al 2013,,Insular,Oceanic,-9.155282,159.799091,Solomon,Australasia,,San Jorge,183000,5301700000,4.46196406,184000000,,2,,,,,0.2,0.08,15,Y,,
13,Sarnat et al 2013,,Insular,Oceanic,-9.155282,159.799091,Solomon,Australasia,,Santa Catalina,183000,5301700000,4.46196406,5620000,,4,,,,,0.2,0.08,15,Y,,
13,Sarnat et al 2013,,Insular,Oceanic,-9.155282,159.799091,Solomon,Australasia,,Santa Cruz,183000,5301700000,4.46196406,5.06E+08,,32,,,,,0.2,0.08,15,Y,,
13,Sarnat et al 2013,,Insular,Oceanic,-9.155282,159.799091,Solomon,Australasia,,Santa Isabel,183000,5301700000,4.46196406,2999000000,,68,,,,,0.2,0.08,15,Y,,
13,Sarnat et al 2013,,Insular,Oceanic,-9.155282,159.799091,Solomon,Australasia,,Savo,183000,5301700000,4.46196406,31000000,,12,,,,,0.2,0.08,15,Y,,
13,Sarnat et al 2013,,Insular,Oceanic,-9.155282,159.799091,Solomon,Australasia,,Shortland,183000,5301700000,4.46196406,208000000,,2,,,,,0.2,0.08,15,Y,,
13,Sarnat et al 2013,,Insular,Oceanic,-9.155282,159.799091,Solomon,Australasia,,Sikaiana,183000,5301700000,4.46196406,2000000,,1,,,,,0.2,0.08,15,Y,,
13,Sarnat et al 2013,,Insular,Oceanic,-9.155282,159.799091,Solomon,Australasia,,Tikopia,183000,5301700000,4.46196406,5000000,,1,,,,,0.2,0.08,15,Y,,
13,Sarnat et al 2013,,Insular,Oceanic,-9.155282,159.799091,Solomon,Australasia,,Tulagi,183000,5301700000,4.46196406,2080000,,21,,,,,0.2,0.08,15,Y,,
13,Sarnat et al 2013,,Insular,Oceanic,-9.155282,159.799091,Solomon,Australasia,,Ugi,183000,5301700000,4.46196406,43980000,,38,,,,,0.2,0.08,15,Y,,
13,Sarnat et al 2013,,Insular,Oceanic,-9.155282,159.799091,Solomon,Australasia,,Vangunu,183000,5301700000,4.46196406,509000000,,3,,,,,0.2,0.08,15,Y,,
13,Sarnat et al 2013,,Insular,Oceanic,-9.155282,159.799091,Solomon,Australasia,,Vanikoro,183000,5301700000,4.46196406,173000000,,2,,,,,0.2,0.08,15,Y,,
13,Sarnat et al 2013,,Insular,Oceanic,-9.155282,159.799091,Solomon,Australasia,,Vella Lavella,183000,5301700000,4.46196406,629900000,,7,,,,,0.2,0.08,15,Y,,
14a,"Boulton & Ward, Island Biogeography of the Sea of Cortez , chp 5",n/a,Insular,Oceanic,26.7313,-110.7122,Seea of Cortez,Neotropic,37,Coronadito,4000,1173400000,5.467386093,72000,2913,5,65,,"Museum collections, pitfalls",3,0.33,,0.66,,HC-data set,
14a,"Boulton & Ward, Island Biogeography of the Sea of Cortez , chp 6",n/a,Insular,Oceanic,26.7313,-110.7122,Seea of Cortez,Neotropic,37,Bota,4000,1173400000,5.467386093,93000,2919,6,,,"Museum collections, pitfalls",,0.33,,0.66,,HC-data set,
14a,"Boulton & Ward, Island Biogeography of the Sea of Cortez , chp 7",n/a,Insular,Oceanic,26.7313,-110.7122,Seea of Cortez,Neotropic,37,Cabez de Caballo,4000,1173400000,5.467386093,704000,2015,10,,,"Museum collections, pitfalls",,0.33,,0.66,,HC-data set,
14a,"Boulton & Ward, Island Biogeography of the Sea of Cortez , chp 8",n/a,Insular,Oceanic,26.7313,-110.7122,Seea of Cortez,Neotropic,37,Cerraja,4000,1173400000,5.467386093,37000,2957,4,,,"Museum collections, pitfalls",,0.33,,0.66,,HC-data set,
14a,"Boulton & Ward, Island Biogeography of the Sea of Cortez , chp 9",n/a,Insular,Oceanic,26.7313,-110.7122,Seea of Cortez,Neotropic,37,Coronado,4000,1173400000,5.467386093,8684000,2187,16,,,"Museum collections, pitfalls",,0.33,,0.66,,HC-data set,
14a,"Boulton & Ward, Island Biogeography of the Sea of Cortez , chp 10",n/a,Insular,Oceanic,26.7313,-110.7122,Seea of Cortez,Neotropic,37,Flecha,4000,1173400000,5.467386093,129000,2907,2,,,"Museum collections, pitfalls",,0.33,,0.66,,HC-data set,
14a,"Boulton & Ward, Island Biogeography of the Sea of Cortez , chp 11",n/a,Insular,Oceanic,26.7313,-110.7122,Seea of Cortez,Neotropic,37,Jorobado,4000,1173400000,5.467386093,39000,2179,3,,,"Museum collections, pitfalls",,0.33,,0.66,,HC-data set,
14a,"Boulton & Ward, Island Biogeography of the Sea of Cortez , chp 12",n/a,Insular,Oceanic,26.7313,-110.7122,Seea of Cortez,Neotropic,37,La Ventana,4000,1173400000,5.467386093,1275000,3150,14,,,"Museum collections, pitfalls",,0.33,,0.66,,HC-data set,
14a,"Boulton & Ward, Island Biogeography of the Sea of Cortez , chp 13",n/a,Insular,Oceanic,26.7313,-110.7122,Seea of Cortez,Neotropic,37,Llave,4000,1173400000,5.467386093,22000,2957,2,,,"Museum collections, pitfalls",,0.33,,0.66,,HC-data set,
14a,"Boulton & Ward, Island Biogeography of the Sea of Cortez , chp 14",n/a,Insular,Oceanic,26.7313,-110.7122,Seea of Cortez,Neotropic,37,Los Gemelitos Este,4000,1173400000,5.467386093,47000,826,2,,,"Museum collections, pitfalls",,0.33,,0.66,,HC-data set,
14a,"Boulton & Ward, Island Biogeography of the Sea of Cortez , chp 15",n/a,Insular,Oceanic,26.7313,-110.7122,Seea of Cortez,Neotropic,37,Los Gemelitos Oeste,4000,1173400000,5.467386093,20000,848,4,,,"Museum collections, pitfalls",,0.33,,0.66,,HC-data set,
14a,"Boulton & Ward, Island Biogeography of the Sea of Cortez , chp 16",n/a,Insular,Oceanic,26.7313,-110.7122,Seea of Cortez,Neotropic,37,Mitlan,4000,1173400000,5.467386093,156000,1960,9,,,"Museum collections, pitfalls",,0.33,,0.66,,HC-data set,
14a,"Boulton & Ward, Island Biogeography of the Sea of Cortez , chp 17",n/a,Insular,Oceanic,26.7313,-110.7122,Seea of Cortez,Neotropic,37,Pata,4000,1173400000,5.467386093,136000,2559,7,,,"Museum collections, pitfalls",,0.33,,0.66,,HC-data set,
14b,"Boulton & Ward, Island Biogeography of the Sea of Cortez , chp 18",n/a,Insular,Oceanic,26.7313,-110.7122,Seea of Cortez,Neotropic,37,El Piojo,4000,1173400000,5.467386093,533000,6323,5,65,,"Museum collections, pitfalls",,0.11,,0.24,,LC-data,
14b,"Boulton & Ward, Island Biogeography of the Sea of Cortez , chp 19",n/a,Insular,Oceanic,26.7313,-110.7122,Seea of Cortez,Neotropic,37,El Pescador,4000,1173400000,5.467386093,35000,516,2,,,"Museum collections, pitfalls",,0.11,,0.24,,LC-data,
14b,"Boulton & Ward, Island Biogeography of the Sea of Cortez , chp 20",n/a,Insular,Oceanic,26.7313,-110.7122,Seea of Cortez,Neotropic,37,Bahia Animas Blanca,4000,1173400000,5.467386093,29000,643,4,,,"Museum collections, pitfalls",,0.11,,0.24,,LC-data,
14b,"Boulton & Ward, Island Biogeography of the Sea of Cortez , chp 21",n/a,Insular,Oceanic,26.7313,-110.7122,Seea of Cortez,Neotropic,37,Bahia Animas Est,4000,1173400000,5.467386093,4000,204,4,,,"Museum collections, pitfalls",,0.11,,0.24,,LC-data,
14b,"Boulton & Ward, Island Biogeography of the Sea of Cortez , chp 22",n/a,Insular,Oceanic,26.7313,-110.7122,Seea of Cortez,Neotropic,37,Bahia Animas Oeste,4000,1173400000,5.467386093,4000,121,4,,,"Museum collections, pitfalls",,0.11,,0.24,,LC-data,
14b,"Boulton & Ward, Island Biogeography of the Sea of Cortez , chp 23",n/a,Insular,Oceanic,26.7313,-110.7122,Seea of Cortez,Neotropic,37,Angel del guarda,4000,1173400000,5.467386093,924100000,12120,25,,,"Museum collections, pitfalls",,0.11,,0.24,,LC-data,
14b,"Boulton & Ward, Island Biogeography of the Sea of Cortez , chp 24",n/a,Insular,Oceanic,26.7313,-110.7122,Seea of Cortez,Neotropic,37,Partida,4000,1173400000,5.467386093,931000,17392,2,,,"Museum collections, pitfalls",,0.11,,0.24,,LC-data,
14b,"Boulton & Ward, Island Biogeography of the Sea of Cortez , chp 25",n/a,Insular,Oceanic,26.7313,-110.7122,Seea of Cortez,Neotropic,37,Islote eat of Partida,4000,1173400000,5.467386093,140000,19392,1,,,"Museum collections, pitfalls",,0.11,,0.24,,LC-data,
14b,"Boulton & Ward, Island Biogeography of the Sea of Cortez , chp 26",n/a,Insular,Oceanic,26.7313,-110.7122,Seea of Cortez,Neotropic,37,Rasa,4000,1173400000,5.467386093,377000,20253,3,,,"Museum collections, pitfalls",,0.11,,0.24,,LC-data,
14b,"Boulton & Ward, Island Biogeography of the Sea of Cortez , chp 27",n/a,Insular,Oceanic,26.7313,-110.7122,Seea of Cortez,Neotropic,37,Salsipeudes,4000,1173400000,5.467386093,998000,18054,3,,,"Museum collections, pitfalls",,0.11,,0.24,,LC-data,
14b,"Boulton & Ward, Island Biogeography of the Sea of Cortez , chp 28",n/a,Insular,Oceanic,26.7313,-110.7122,Seea of Cortez,Neotropic,37,San Lorenzo Norte,4000,1173400000,5.467386093,4192000,19305,3,,,"Museum collections, pitfalls",,0.11,,0.24,,LC-data,
14b,"Boulton & Ward, Island Biogeography of the Sea of Cortez , chp 29",n/a,Insular,Oceanic,26.7313,-110.7122,Seea of Cortez,Neotropic,37,San Esetban,4000,1173400000,5.467386093,41534000,34500,10,,,"Museum collections, pitfalls",,0.11,,0.24,,LC-data,
14b,"Boulton & Ward, Island Biogeography of the Sea of Cortez , chp 30",n/a,Insular,Oceanic,26.7313,-110.7122,Seea of Cortez,Neotropic,37,San Pedro Martir,4000,1173400000,5.467386093,2900000,47250,4,,,"Museum collections, pitfalls",,0.11,,0.24,,LC-data,
14b,"Boulton & Ward, Island Biogeography of the Sea of Cortez , chp 31",n/a,Insular,Oceanic,26.7313,-110.7122,Seea of Cortez,Neotropic,37,Tiburion,4000,1173400000,5.467386093,1173400000,1745,37,,,"Museum collections, pitfalls",,0.11,,0.24,,LC-data,
14b,"Boulton & Ward, Island Biogeography of the Sea of Cortez , chp 32",n/a,Insular,Oceanic,26.7313,-110.7122,Seea of Cortez,Neotropic,37,Carmen,4000,1173400000,5.467386093,138650000,5760,14,,,"Museum collections, pitfalls",,0.11,,0.24,,LC-data,
14b,"Boulton & Ward, Island Biogeography of the Sea of Cortez , chp 33",n/a,Insular,Oceanic,26.7313,-110.7122,Seea of Cortez,Neotropic,37,Mestiza,4000,1173400000,5.467386093,87000,239,8,,,"Museum collections, pitfalls",,0.11,,0.24,,LC-data,
14b,"Boulton & Ward, Island Biogeography of the Sea of Cortez , chp 34",n/a,Insular,Oceanic,26.7313,-110.7122,Seea of Cortez,Neotropic,37,Islote Blanco,4000,1173400000,5.467386093,30000,630,7,,,"Museum collections, pitfalls",,0.11,,0.24,,LC-data,
14b,"Boulton & Ward, Island Biogeography of the Sea of Cortez , chp 35",n/a,Insular,Oceanic,26.7313,-110.7122,Seea of Cortez,Neotropic,37,Danzante,4000,1173400000,5.467386093,4490000,2679,14,,,"Museum collections, pitfalls",,0.11,,0.24,,LC-data,
14b,"Boulton & Ward, Island Biogeography of the Sea of Cortez , chp 36",n/a,Insular,Oceanic,26.7313,-110.7122,Seea of Cortez,Neotropic,37,Las Tijeras,4000,1173400000,5.467386093,25000,1787,5,,,"Museum collections, pitfalls",,0.11,,0.24,,LC-data,
14b,"Boulton & Ward, Island Biogeography of the Sea of Cortez , chp 37",n/a,Insular,Oceanic,26.7313,-110.7122,Seea of Cortez,Neotropic,37,Pardo,4000,1173400000,5.467386093,38000,457,10,,,"Museum collections, pitfalls",,0.11,,0.24,,LC-data,
14b,"Boulton & Ward, Island Biogeography of the Sea of Cortez , chp 38",n/a,Insular,Oceanic,26.7313,-110.7122,Seea of Cortez,Neotropic,37,San Jose,4000,1173400000,5.467386093,162260000,4696,7,,,"Museum collections, pitfalls",,0.11,,0.24,,LC-data,
14b,"Boulton & Ward, Island Biogeography of the Sea of Cortez , chp 39",n/a,Insular,Oceanic,26.7313,-110.7122,Seea of Cortez,Neotropic,37,San Francisco,4000,1173400000,5.467386093,3868000,7163,3,,,"Museum collections, pitfalls",,0.11,,0.24,,LC-data,
14b,"Boulton & Ward, Island Biogeography of the Sea of Cortez , chp 40",n/a,Insular,Oceanic,26.7313,-110.7122,Seea of Cortez,Neotropic,37,Espiritu Santo,4000,1173400000,5.467386093,80599000,6269,2,,,"Museum collections, pitfalls",,0.11,,0.24,,LC-data,
14b,"Boulton & Ward, Island Biogeography of the Sea of Cortez , chp 41",n/a,Insular,Oceanic,26.7313,-110.7122,Seea of Cortez,Neotropic,37,Cerralvo,4000,1173400000,5.467386093,139870000,9189,5,,,"Museum collections, pitfalls",,0.11,,0.24,,LC-data,
15,Woinarski et al 1998,,Insular,Continental,-11.968581,135.692886,Wesell and English Islands Company groups,Australasia,34,Bromby2,15000,209730000,4.145569298,520000,,4,74,,"Pitfall, baits",2,0.29,,0.71,,,
15,Woinarski et al 1998,,Insular,Continental,-11.968581,135.692886,Wesell and English Islands Company groups,Australasia,34,Bromby3,15000,209730000,4.145569298,61000,,8,74,,"Pitfall, baits",2,0.29,,0.71,,,
15,Woinarski et al 1998,,Insular,Continental,-11.968581,135.692886,Wesell and English Islands Company groups,Australasia,34,Bromby6,15000,209730000,4.145569298,110000,,8,74,,"Pitfall, baits",2,0.29,,0.71,,,
15,Woinarski et al 1998,,Insular,Continental,-11.968581,135.692886,Wesell and English Islands Company groups,Australasia,34,Bromby7,15000,209730000,4.145569298,120000,,4,74,,"Pitfall, baits",2,0.29,,0.71,,,
15,Woinarski et al 1998,,Insular,Continental,-11.968581,135.692886,Wesell and English Islands Company groups,Australasia,34,Bromby 9,15000,209730000,4.145569298,15000,,5,74,,"Pitfall, baits",2,0.29,,0.71,,,
15,Woinarski et al 1998,,Insular,Continental,-11.968581,135.692886,Wesell and English Islands Company groups,Australasia,34,Big Bromby,15000,209730000,4.145569298,2820000,,9,74,,"Pitfall, baits",2,0.29,,0.71,,,
15,Woinarski et al 1998,,Insular,Continental,-11.968581,135.692886,Wesell and English Islands Company groups,Australasia,34,Bromby12,15000,209730000,4.145569298,120000,,5,74,,"Pitfall, baits",2,0.29,,0.71,,,
15,Woinarski et al 1998,,Insular,Continental,-11.968581,135.692886,Wesell and English Islands Company groups,Australasia,34,Bromby 14,15000,209730000,4.145569298,56000,,5,74,,"Pitfall, baits",2,0.29,,0.71,,,
15,Woinarski et al 1998,,Insular,Continental,-11.968581,135.692886,Wesell and English Islands Company groups,Australasia,34,Truant,15000,209730000,4.145569298,3060000,,14,74,,"Pitfall, baits",2,0.29,,0.71,,,
15,Woinarski et al 1998,,Insular,Continental,-11.968581,135.692886,Wesell and English Islands Company groups,Australasia,34,Wigram,15000,209730000,4.145569298,22830000,,41,74,,"Pitfall, baits",2,0.29,,0.71,,,
15,Woinarski et al 1998,,Insular,Continental,-11.968581,135.692886,Wesell and English Islands Company groups,Australasia,34,Cotton,15000,209730000,4.145569298,21200000,,29,74,,"Pitfall, baits",2,0.29,,0.71,,,
15,Woinarski et al 1998,,Insular,Continental,-11.968581,135.692886,Wesell and English Islands Company groups,Australasia,34,Kidney,15000,209730000,4.145569298,460000,,9,74,,"Pitfall, baits",2,0.29,,0.71,,,
15,Woinarski et al 1998,,Insular,Continental,-11.968581,135.692886,Wesell and English Islands Company groups,Australasia,34,Pobassoo,15000,209730000,4.145569298,3920000,,19,74,,"Pitfall, baits",2,0.29,,0.71,,,
15,Woinarski et al 1998,,Insular,Continental,-11.968581,135.692886,Wesell and English Islands Company groups,Australasia,34,Hearld,15000,209730000,4.145569298,37000,,7,74,,"Pitfall, baits",2,0.29,,0.71,,,
15,Woinarski et al 1998,,Insular,Continental,-11.968581,135.692886,Wesell and English Islands Company groups,Australasia,34,Astel,15000,209730000,4.145569298,12680000,,29,74,,"Pitfall, baits",2,0.29,,0.71,,,
15,Woinarski et al 1998,,Insular,Continental,-11.968581,135.692886,Wesell and English Islands Company groups,Australasia,34,Yingalingala,15000,209730000,4.145569298,180000,,5,74,,"Pitfall, baits",2,0.29,,0.71,,,
15,Woinarski et al 1998,,Insular,Continental,-11.968581,135.692886,Wesell and English Islands Company groups,Australasia,34,Bosanquet,15000,209730000,4.145569298,1550000,,5,74,,"Pitfall, baits",2,0.29,,0.71,,,
15,Woinarski et al 1998,,Insular,Continental,-11.968581,135.692886,Wesell and English Islands Company groups,Australasia,34,Dharawul,15000,209730000,4.145569298,550000,,5,74,,"Pitfall, baits",2,0.29,,0.71,,,
15,Woinarski et al 1998,,Insular,Continental,-11.968581,135.692886,Wesell and English Islands Company groups,Australasia,34,Ngangatja,15000,209730000,4.145569298,150000,,5,74,,"Pitfall, baits",2,0.29,,0.71,,,
15,Woinarski et al 1998,,Insular,Continental,-11.968581,135.692886,Wesell and English Islands Company groups,Australasia,34,Inglis,15000,209730000,4.145569298,81810000,,31,74,,"Pitfall, baits",2,0.29,,0.71,,,
15,Woinarski et al 1998,,Insular,Continental,-11.968581,135.692886,Wesell and English Islands Company groups,Australasia,34,Galiwulan,15000,209730000,4.145569298,91000,,4,74,,"Pitfall, baits",2,0.29,,0.71,,,
15,Woinarski et al 1998,,Insular,Continental,-11.968581,135.692886,Wesell and English Islands Company groups,Australasia,34,Munyana,15000,209730000,4.145569298,580000,,8,74,,"Pitfall, baits",2,0.29,,0.71,,,
15,Woinarski et al 1998,,Insular,Continental,-11.968581,135.692886,Wesell and English Islands Company groups,Australasia,34,Ranba,15000,209730000,4.145569298,62000,,1,74,,"Pitfall, baits",2,0.29,,0.71,,,
15,Woinarski et al 1998,,Insular,Continental,-11.968581,135.692886,Wesell and English Islands Company groups,Australasia,34,Gunyami,15000,209730000,4.145569298,68000,,2,74,,"Pitfall, baits",2,0.29,,0.71,,,
15,Woinarski et al 1998,,Insular,Continental,-11.968581,135.692886,Wesell and English Islands Company groups,Australasia,34,Rimbija,15000,209730000,4.145569298,2460000,,15,74,,"Pitfall, baits",2,0.29,,0.71,,,
15,Woinarski et al 1998,,Insular,Continental,-11.968581,135.692886,Wesell and English Islands Company groups,Australasia,34,X,15000,209730000,4.145569298,55000,,4,74,,"Pitfall, baits",2,0.29,,0.71,,,
15,Woinarski et al 1998,,Insular,Continental,-11.968581,135.692886,Wesell and English Islands Company groups,Australasia,34,Emu,15000,209730000,4.145569298,200000,,10,74,,"Pitfall, baits",2,0.29,,0.71,,,
15,Woinarski et al 1998,,Insular,Continental,-11.968581,135.692886,Wesell and English Islands Company groups,Australasia,34,Jensen,15000,209730000,4.145569298,710000,,10,74,,"Pitfall, baits",2,0.29,,0.71,,,
15,Woinarski et al 1998,,Insular,Continental,-11.968581,135.692886,Wesell and English Islands Company groups,Australasia,34,Marchinbar,15000,209730000,4.145569298,209730000,,45,74,,"Pitfall, baits",2,0.29,,0.71,,,
15,Woinarski et al 1998,,Insular,Continental,-11.968581,135.692886,Wesell and English Islands Company groups,Australasia,34,F,15000,209730000,4.145569298,600000,,6,74,,"Pitfall, baits",2,0.29,,0.71,,,
15,Woinarski et al 1998,,Insular,Continental,-11.968581,135.692886,Wesell and English Islands Company groups,Australasia,34,Guluwuru,15000,209730000,4.145569298,41140000,,15,74,,"Pitfall, baits",2,0.29,,0.71,,,
15,Woinarski et al 1998,,Insular,Continental,-11.968581,135.692886,Wesell and English Islands Company groups,Australasia,34,Raragala,15000,209730000,4.145569298,93990000,,40,74,,"Pitfall, baits",2,0.29,,0.71,,,
15,Woinarski et al 1998,,Insular,Continental,-11.968581,135.692886,Wesell and English Islands Company groups,Australasia,34,Djeegaree,15000,209730000,4.145569298,3190000,,8,74,,"Pitfall, baits",2,0.29,,0.71,,,
15,Woinarski et al 1998,,Insular,Continental,-11.968581,135.692886,Wesell and English Islands Company groups,Australasia,34,Jirgari,15000,209730000,4.145569298,7470000,,22,74,,"Pitfall, baits",2,0.29,,0.71,,,
16,Wilson zoogeography of caribean insects: chapter 9: The biogeography of the west indian ants,,Insular,Continental,18.728625,-71.116239,West Indian Isands,Neotropic,,Cuba,26000000,1.14525E+11,3.643926952,1.14525E+11,,146,383,,,,0.28,,0.47,,,
16,Wilson zoogeography of caribean insects: chapter 9: The biogeography of the west indian ants,,Insular,Continental,18.728625,-71.116239,West Indian Isands,Neotropic,,Bahamas,26000000,1.14525E+11,3.643926952,13864000000,,59,,,,,0.28,,0.47,,,
16,Wilson zoogeography of caribean insects: chapter 9: The biogeography of the west indian ants,,Insular,Continental,18.728625,-71.116239,West Indian Isands,Neotropic,,Jamaica,26000000,1.14525E+11,3.643926952,10991000000,,59,,,,,0.28,,0.47,,,
16,Wilson zoogeography of caribean insects: chapter 9: The biogeography of the west indian ants,,Insular,Continental,18.728625,-71.116239,West Indian Isands,Neotropic,,Hispaniola,26000000,1.14525E+11,3.643926952,76190000000,,88,,,,,0.28,,0.47,,,
16,Wilson zoogeography of caribean insects: chapter 9: The biogeography of the west indian ants,,Insular,Continental,18.728625,-71.116239,West Indian Isands,Neotropic,,Mona,26000000,1.14525E+11,3.643926952,52000000,,13,,,,,0.28,,0.47,,,
16,Wilson zoogeography of caribean insects: chapter 9: The biogeography of the west indian ants,,Insular,Continental,18.728625,-71.116239,West Indian Isands,Neotropic,,Puerto Rico,26000000,1.14525E+11,3.643926952,8897000000,,56,,,,,0.28,,0.47,,,
16,Wilson zoogeography of caribean insects: chapter 9: The biogeography of the west indian ants,,Insular,Continental,18.728625,-71.116239,West Indian Isands,Neotropic,,Culebra,26000000,1.14525E+11,3.643926952,26000000,,26,,,,,0.28,,0.47,,,
16,Wilson zoogeography of caribean insects: chapter 9: The biogeography of the west indian ants,,Insular,Continental,18.728625,-71.116239,West Indian Isands,Neotropic,,St. Thimas,26000000,1.14525E+11,3.643926952,83000000,,39,,,,,0.28,,0.47,,,
16,Wilson zoogeography of caribean insects: chapter 9: The biogeography of the west indian ants,,Insular,Continental,18.728625,-71.116239,West Indian Isands,Neotropic,,St. Croix,26000000,1.14525E+11,3.643926952,218000000,,7,,,,,0.28,,0.47,,,
16,Wilson zoogeography of caribean insects: chapter 9: The biogeography of the west indian ants,,Insular,Continental,18.728625,-71.116239,West Indian Isands,Neotropic,,Antigua,26000000,1.14525E+11,3.643926952,280000000,,11,,,,,0.28,,0.47,,,
16,Wilson zoogeography of caribean insects: chapter 9: The biogeography of the west indian ants,,Insular,Continental,18.728625,-71.116239,West Indian Isands,Neotropic,,Monterrat,26000000,1.14525E+11,3.643926952,102000000,,7,,,,,0.28,,0.47,,,
16,Wilson zoogeography of caribean insects: chapter 9: The biogeography of the west indian ants,,Insular,Continental,18.728625,-71.116239,West Indian Isands,Neotropic,,Guadeloupe,26000000,1.14525E+11,3.643926952,1780000000,,15,,,,,0.28,,0.47,,,
16,Wilson zoogeography of caribean insects: chapter 9: The biogeography of the west indian ants,,Insular,Continental,18.728625,-71.116239,West Indian Isands,Neotropic,,Dominica,26000000,1.14525E+11,3.643926952,728000000,,28,,,,,0.28,,0.47,,,
16,Wilson zoogeography of caribean insects: chapter 9: The biogeography of the west indian ants,,Insular,Continental,18.728625,-71.116239,West Indian Isands,Neotropic,,Martinique,26000000,1.14525E+11,3.643926952,1116000000,,20,,,,,0.28,,0.47,,,
16,Wilson zoogeography of caribean insects: chapter 9: The biogeography of the west indian ants,,Insular,Continental,18.728625,-71.116239,West Indian Isands,Neotropic,,St. Lucia,26000000,1.14525E+11,3.643926952,616000000,,16,,,,,0.28,,0.47,,,
16,Wilson zoogeography of caribean insects: chapter 9: The biogeography of the west indian ants,,Insular,Continental,18.728625,-71.116239,West Indian Isands,Neotropic,,St. Vincent,26000000,1.14525E+11,3.643926952,389000000,,63,,,,,0.28,,0.47,,,
16,Wilson zoogeography of caribean insects: chapter 9: The biogeography of the west indian ants,,Insular,Continental,18.728625,-71.116239,West Indian Isands,Neotropic,,Barbados,26000000,1.14525E+11,3.643926952,430000000,,18,,,,,0.28,,0.47,,,
16,Wilson zoogeography of caribean insects: chapter 9: The biogeography of the west indian ants,,Insular,Continental,18.728625,-71.116239,West Indian Isands,Neotropic,,Grenada,26000000,1.14525E+11,3.643926952,344000000,,39,,,,,0.28,,0.47,,,
16,Wilson zoogeography of caribean insects: chapter 9: The biogeography of the west indian ants,,Insular,Continental,18.728625,-71.116239,West Indian Isands,Neotropic,,Tobago,26000000,1.14525E+11,3.643926952,300000000,,19,,,,,0.28,,0.47,,,
16,Wilson zoogeography of caribean insects: chapter 9: The biogeography of the west indian ants,,Insular,Continental,18.728625,-71.116239,West Indian Isands,Neotropic,,Trinididad,26000000,1.14525E+11,3.643926952,4828000000,,148,,,,,0.28,,0.47,,,
17,Vasconcelos et al. 2006,,Mainland,Habitat-patches,-2.5,-54.95,Alter do Chao,Neotropic,26,F4,23892,3610000,2.179254696,314240,"8,714.00",78,,,"baits, hand, wrinkler",3,0.04,0.01,0.3,Y,,self
17,Vasconcelos et al. 2006,,Mainland,Habitat-patches,-2.5,-54.95,Alter do Chao,Neotropic,26,F6,23892,3610000,2.179254696,84861,"9,135.00",65,,,,3,0.44,,0.3,,,
17,Vasconcelos et al. 2006,,Mainland,Habitat-patches,-2.5,-54.95,Alter do Chao,Neotropic,26,F7,23892,3610000,2.179254696,23892,"9,904.00",67,,,,3,0.44,,0.3,,,
17,Vasconcelos et al. 2006,,Mainland,Habitat-patches,-2.5,-54.95,Alter do Chao,Neotropic,26,F8,23892,3610000,2.179254696,38171,"9,266.00",62,,,,3,0.44,,0.3,,,
17,Vasconcelos et al. 2006,,Mainland,Habitat-patches,-2.5,-54.95,Alter do Chao,Neotropic,26,F9,23892,3610000,2.179254696,263360,"7,770.00",70,,,,3,0.44,,0.3,,,
17,Vasconcelos et al. 2006,,Mainland,Habitat-patches,-2.5,-54.95,Alter do Chao,Neotropic,26,F10,23892,3610000,2.179254696,224390,"7,509.00",65,,,,3,0.44,,0.3,,,
17,Vasconcelos et al. 2006,,Mainland,Habitat-patches,-2.5,-54.95,Alter do Chao,Neotropic,26,F12,23892,3610000,2.179254696,36235,"7,766.00",66,,,,3,0.44,,0.3,,,
17,Vasconcelos et al. 2006,,Mainland,Habitat-patches,-2.5,-54.95,Alter do Chao,Neotropic,26,F13,23892,3610000,2.179254696,412270,"6,502.00",70,,,,3,0.44,,0.3,,,
17,Vasconcelos et al. 2006,,Mainland,Habitat-patches,-2.5,-54.95,Alter do Chao,Neotropic,26,F17-1,23892,3610000,2.179254696,1899000,"3,024.00",87,,,,3,0.44,,0.3,,,
17,Vasconcelos et al. 2006,,Mainland,Habitat-patches,-2.5,-54.95,Alter do Chao,Neotropic,26,F17-2,23892,3610000,2.179254696,1899000,"3,024.00",81,,,,3,0.44,,0.3,,,
17,Vasconcelos et al. 2006,,Mainland,Habitat-patches,-2.5,-54.95,Alter do Chao,Neotropic,26,F18,23892,3610000,2.179254696,468690,"4,855.00",67,,,,3,0.44,,0.3,,,
17,Vasconcelos et al. 2006,,Mainland,Habitat-patches,-2.5,-54.95,Alter do Chao,Neotropic,26,F20-1,23892,3610000,2.179254696,3610000,944.30,73,,,,3,0.44,,0.3,,,
17,Vasconcelos et al. 2006,,Mainland,Habitat-patches,-2.5,-54.95,Alter do Chao,Neotropic,26,F20-2,23892,3610000,2.179254696,3610000,944.30,73,,,,3,0.44,,0.3,,,
17,Vasconcelos et al. 2006,,Mainland,Habitat-patches,-2.5,-54.95,Alter do Chao,Neotropic,26,F21,23892,3610000,2.179254696,105220,"2,162.00",60,,,,3,0.44,,0.3,,,
17,Vasconcelos et al. 2006,,Mainland,Habitat-patches,-2.5,-54.95,Alter do Chao,Neotropic,26,F22,23892,3610000,2.179254696,146380,"3,400.00",75,,,,3,0.44,,0.3,,,
17,Vasconcelos et al. 2006,,Mainland,Habitat-patches,-2.5,-54.95,Alter do Chao,Neotropic,26,F23,23892,3610000,2.179254696,396160,"2,806.00",71,,,,3,0.44,,0.3,,,
17,Vasconcelos et al. 2006,,Mainland,Habitat-patches,-2.5,-54.95,Alter do Chao,Neotropic,26,F26,23892,3610000,2.179254696,213250,683.9,84,,,,3,0.44,,0.3,,,
17,Vasconcelos et al. 2006,,Mainland,Habitat-patches,-2.5,-54.95,Alter do Chao,Neotropic,26,F29,23892,3610000,2.179254696,139130,647.8,72,,,,3,0.44,,0.3,,,
17,Vasconcelos et al. 2006,,Mainland,Habitat-patches,-2.5,-54.95,Alter do Chao,Neotropic,26,F32,23892,3610000,2.179254696,597000,162.40,86,,,,3,0.44,,0.3,,,
17,Vasconcelos et al. 2006,,Mainland,Habitat-patches,-2.5,-54.95,Alter do Chao,Neotropic,26,F33,23892,3610000,2.179254696,231230,146.10,79,,,,3,0.44,,0.3,,,
17,Vasconcelos et al. 2006,,Mainland,Habitat-patches,-2.5,-54.95,Alter do Chao,Neotropic,26,F40,23892,3610000,2.179254696,664700,"1,466.00",79,,,,3,0.44,,0.3,,,
17,Vasconcelos et al. 2006,,Mainland,Habitat-patches,-2.5,-54.95,Alter do Chao,Neotropic,26,F41,23892,3610000,2.179254696,280540,"1,262.00",67,,,,3,0.44,,0.3,,,
17,Vasconcelos et al. 2006,,Mainland,Habitat-patches,-2.5,-54.95,Alter do Chao,Neotropic,26,F42,23892,3610000,2.179254696,428470,560.8,71,,,,3,0.44,,0.3,,,
17,Vasconcelos et al. 2006,,Mainland,Habitat-patches,-2.5,-54.95,Alter do Chao,Neotropic,26,F59,23892,3610000,2.179254696,60640,95.90,62,,,,3,0.44,,0.3,,,
17,Vasconcelos et al. 2006,,Mainland,Habitat-patches,-2.5,-54.95,Alter do Chao,Neotropic,26,F61,23892,3610000,2.179254696,89030,156.2,64,,,,3,0.44,,0.3,,,
17,Vasconcelos et al. 2006,,Mainland,Habitat-patches,-2.5,-54.95,Alter do Chao,Neotropic,26,F63,23892,3610000,2.179254696,74220,"7,268.00",76,,,,3,0.44,,0.3,,,
18a,Choi et al 1993,,Insular,Oceanic,33.309075,129.675633,Japan,Palearctic,,Japanesee Islands,134000000,79000000000,2.770522293,,,,,,,,0.22,,,,,
18b,Choi et al 1993,,Insular,Continental,35.007123,127.717349,Korea,Palearctic,,Korean islands,5900000,24600000000,3.620083095,,,,,,,,0.15,,,,,
19,Morrison 1997,1996,Insular,Mixed,-17.613219,-149.530786,Polynesian islands,Oceania,13,Fatu Hiva,2600000,316000000,2.084713735,85000000,,19,38,,Hand Collecting,1,0.21,,0.06,,,
19,Morrison 1997,1996,Insular,Mixed,-17.613219,-149.530786,Polynesian islands,Oceania,13,Hiva Oa,2600000,316000000,2.084713735,316000000,,19,,,Hand Collecting,1,0.21,,0.06,,,
19,Morrison 1997,1996,Insular,Mixed,-17.613219,-149.530786,Polynesian islands,Oceania,13,Rarotonga,2600000,316000000,2.084713735,67390000,,18,,,Hand Collecting,1,0.21,,0.06,,,
19,Morrison 1997,1996,Insular,Mixed,-17.613219,-149.530786,Polynesian islands,Oceania,13,Aitutaki,2600000,316000000,2.084713735,18300000,,15,,,Hand Collecting,1,0.21,,0.06,,,
19,Morrison 1997,1996,Insular,Mixed,-17.613219,-149.530786,Polynesian islands,Oceania,13,Mangareva,2600000,316000000,2.084713735,15400000,,14,,,Hand Collecting,1,0.21,,0.06,,,
19,Morrison 1997,1996,Insular,Mixed,-17.613219,-149.530786,Polynesian islands,Oceania,13,Atiu,2600000,316000000,2.084713735,26900000,,12,,,Hand Collecting,1,0.21,,0.06,,,
19,Morrison 1997,1996,Insular,Mixed,-17.613219,-149.530786,Polynesian islands,Oceania,13,Pitcairn,2600000,316000000,2.084713735,5000000,,12,,,Hand Collecting,1,0.21,,0.06,,,
19,Morrison 1997,1996,Insular,Mixed,-17.613219,-149.530786,Polynesian islands,Oceania,13,Maupihaa,2600000,316000000,2.084713735,2600000,,9,,,Hand Collecting,1,0.21,,0.06,,,
19,Morrison 1997,1996,Insular,Mixed,-17.613219,-149.530786,Polynesian islands,Oceania,13,Mataiva,2600000,316000000,2.084713735,25000000,,8,,,Hand Collecting,1,0.21,,0.06,,,
19,Morrison 1997,1996,Insular,Mixed,-17.613219,-149.530786,Polynesian islands,Oceania,13,Raroia,2600000,316000000,2.084713735,41000000,,8,,,Hand Collecting,1,0.21,,0.06,,,
19,Morrison 1997,1996,Insular,Mixed,-17.613219,-149.530786,Polynesian islands,Oceania,13,Fakarava,2600000,316000000,2.084713735,24100000,,6,,,Hand Collecting,1,0.21,,0.06,,,
19,Morrison 1997,1996,Insular,Mixed,-17.613219,-149.530786,Polynesian islands,Oceania,13,Easter,2600000,316000000,2.084713735,163600000,,4,,,Hand Collecting,1,0.21,,0.06,,,
19,Morrison 1997,1996,Insular,Mixed,-17.613219,-149.530786,Polynesian islands,Oceania,13,Ducie,2600000,316000000,2.084713735,3900000,,1,,,Hand Collecting,1,0.21,,0.06,,,
20a,Wilson _Talor_1967,,Insular,Oceanic,-17.613219,-149.530786,Polynesian islands,Oceania,,Island,,,,,,,,,,,0.22,,,,tramp species on polynesian islands,
20b,Wilson _Talor_1967,,Insular,Oceanic,-9.155282,159.799091,Solomon Islands,Oceania,,Island,,,#DIV/0!,,,,,,,,0.14,,,,Native ant species of solommon islands,
21,Gotelli_Ellison_2002,,Mainland,Habitat-patches,43.02108591,-71.86363636,New England,Nearctic,,ARC,248,864970,3.542549364,1190,,8,17,,"pitfall, tuna, lead litter, hand_collection",4,-0.03,,-0.02,,lat and long are averages from the sites,
21,Gotelli_Ellison_2002,,Mainland,Habitat-patches,43.02108591,-71.86363636,New England,Nearctic,,BH,248,864970,3.542549364,105369,,8,18,,"pitfall, tuna, lead litter, hand_collection",4,-0.03,,-0.02,,lat and long are averages from the sites,
21,Gotelli_Ellison_2002,,Mainland,Habitat-patches,43.02108591,-71.86363636,New England,Nearctic,,CB,248,864970,3.542549364,73120,,4,13,,"pitfall, tuna, lead litter, hand_collection",4,-0.03,,-0.02,,lat and long are averages from the sites,
21,Gotelli_Ellison_2002,,Mainland,Habitat-patches,43.02108591,-71.86363636,New England,Nearctic,,CKB,248,864970,3.542549364,7422,,14,32,,"pitfall, tuna, lead litter, hand_collection",4,-0.03,,-0.02,,lat and long are averages from the sites,
21,Gotelli_Ellison_2002,,Mainland,Habitat-patches,43.02108591,-71.86363636,New England,Nearctic,,HAW,248,864970,3.542549364,36813,,2,6,,"pitfall, tuna, lead litter, hand_collection",4,-0.03,,-0.02,,lat and long are averages from the sites,
21,Gotelli_Ellison_2002,,Mainland,Habitat-patches,43.02108591,-71.86363636,New England,Nearctic,,HBC,248,864970,3.542549364,11760,,6,22,,"pitfall, tuna, lead litter, hand_collection",4,-0.03,,-0.02,,lat and long are averages from the sites,
21,Gotelli_Ellison_2002,,Mainland,Habitat-patches,43.02108591,-71.86363636,New England,Nearctic,,OB,248,864970,3.542549364,89208,,3,15,,"pitfall, tuna, lead litter, hand_collection",4,-0.03,,-0.02,,lat and long are averages from the sites,
21,Gotelli_Ellison_2002,,Mainland,Habitat-patches,43.02108591,-71.86363636,New England,Nearctic,,PK,248,864970,3.542549364,491189,,2,9,,"pitfall, tuna, lead litter, hand_collection",4,-0.03,,-0.02,,lat and long are averages from the sites,
21,Gotelli_Ellison_2002,,Mainland,Habitat-patches,43.02108591,-71.86363636,New England,Nearctic,,QP,248,864970,3.542549364,40447,,4,14,,"pitfall, tuna, lead litter, hand_collection",4,-0.03,,-0.02,,lat and long are averages from the sites,
21,Gotelli_Ellison_2002,,Mainland,Habitat-patches,43.02108591,-71.86363636,New England,Nearctic,,RP,248,864970,3.542549364,10511,,8,23,,"pitfall, tuna, lead litter, hand_collection",4,-0.03,,-0.02,,lat and long are averages from the sites,
21,Gotelli_Ellison_2002,,Mainland,Habitat-patches,43.02108591,-71.86363636,New England,Nearctic,,SKP,248,864970,3.542549364,55152,,7,24,,"pitfall, tuna, lead litter, hand_collection",4,-0.03,,-0.02,,lat and long are averages from the sites,
21,Gotelli_Ellison_2002,,Mainland,Habitat-patches,43.02108591,-71.86363636,New England,Nearctic,,SW,248,864970,3.542549364,19699,,4,18,,"pitfall, tuna, lead litter, hand_collection",4,-0.03,,-0.02,,lat and long are averages from the sites,
21,Gotelli_Ellison_2002,,Mainland,Habitat-patches,43.02108591,-71.86363636,New England,Nearctic,,TPB,248,864970,3.542549364,2877,,5,11,,"pitfall, tuna, lead litter, hand_collection",4,-0.03,,-0.02,,lat and long are averages from the sites,
21,Gotelli_Ellison_2002,,Mainland,Habitat-patches,43.02108591,-71.86363636,New England,Nearctic,,WIN,248,864970,3.542549364,34235,,7,12,,"pitfall, tuna, lead litter, hand_collection",4,-0.03,,-0.02,,lat and long are averages from the sites,
21,Gotelli_Ellison_2002,,Mainland,Habitat-patches,43.02108591,-71.86363636,New England,Nearctic,,SPR,248,864970,3.542549364,435,,2,9,,"pitfall, tuna, lead litter, hand_collection",4,-0.03,,-0.02,,lat and long are averages from the sites,
21,Gotelli_Ellison_2002,,Mainland,Habitat-patches,43.02108591,-71.86363636,New England,Nearctic,,SNA,248,864970,3.542549364,248,,3,10,,"pitfall, tuna, lead litter, hand_collection",4,-0.03,,-0.02,,lat and long are averages from the sites,
21,Gotelli_Ellison_2002,,Mainland,Habitat-patches,43.02108591,-71.86363636,New England,Nearctic,,PEA,248,864970,3.542549364,567732,,3,7,,"pitfall, tuna, lead litter, hand_collection",4,-0.03,,-0.02,,lat and long are averages from the sites,
21,Gotelli_Ellison_2002,,Mainland,Habitat-patches,43.02108591,-71.86363636,New England,Nearctic,,CHI,248,864970,3.542549364,38081,,2,8,,"pitfall, tuna, lead litter, hand_collection",4,-0.03,,-0.02,,lat and long are averages from the sites,
21,Gotelli_Ellison_2002,,Mainland,Habitat-patches,43.02108591,-71.86363636,New England,Nearctic,,MOL,248,864970,3.542549364,8852,,3,9,,"pitfall, tuna, lead litter, hand_collection",4,-0.03,,-0.02,,lat and long are averages from the sites,
21,Gotelli_Ellison_2002,,Mainland,Habitat-patches,43.02108591,-71.86363636,New England,Nearctic,,COL,248,864970,3.542549364,623284,,2,10,,"pitfall, tuna, lead litter, hand_collection",4,-0.03,,-0.02,,lat and long are averages from the sites,
21,Gotelli_Ellison_2002,,Mainland,Habitat-patches,43.02108591,-71.86363636,New England,Nearctic,,MOO,248,864970,3.542549364,864970,,5,11,,"pitfall, tuna, lead litter, hand_collection",4,-0.03,,-0.02,,lat and long are averages from the sites,
21,Gotelli_Ellison_2002,,Mainland,Habitat-patches,43.02108591,-71.86363636,New England,Nearctic,,CAR,248,864970,3.542549364,38023,,5,11,,"pitfall, tuna, lead litter, hand_collection",4,-0.03,,-0.02,,lat and long are averages from the sites,
22,Terayama & Murata 1987 (from Drakare's review),,Insular,Oceanic,34.523924,139.280467,"Toshima Island, Izu Islands",Palearctic,,,,,#DIV/0!,,,,,,,,0.07,,,,"can't find actual paper, just slope value",
23,Suarez et al. 1998,,Mainland,Habitat-patches,32.804543,-117.066751,San Diego County,Nearctic,40,1,4000,1016100,2.40487646,1016100,,13,50,,"Pitfall, visual surveys",2,0.38,0.06,0.5,Y,,
23,Suarez et al. 1998,,Mainland,Habitat-patches,32.804543,-117.066751,San Diego County,Nearctic,40,2,4000,1016100,2.40487646,1008100,,22,50,,"Pitfall, visual surveys",2,0.38,,0.5,,,
23,Suarez et al. 1998,,Mainland,Habitat-patches,32.804543,-117.066751,San Diego County,Nearctic,40,3,4000,1016100,2.40487646,781900,,17,50,,"Pitfall, visual surveys",2,0.38,,0.5,,,
23,Suarez et al. 1998,,Mainland,Habitat-patches,32.804543,-117.066751,San Diego County,Nearctic,40,4,4000,1016100,2.40487646,722400,,5,50,,"Pitfall, visual surveys",2,0.38,,0.5,,,
23,Suarez et al. 1998,,Mainland,Habitat-patches,32.804543,-117.066751,San Diego County,Nearctic,40,5,4000,1016100,2.40487646,639000,,8,50,,"Pitfall, visual surveys",2,0.38,,0.5,,,
23,Suarez et al. 1998,,Mainland,Habitat-patches,32.804543,-117.066751,San Diego County,Nearctic,40,6,4000,1016100,2.40487646,563600,,6,50,,"Pitfall, visual surveys",2,0.38,,0.5,,,
23,Suarez et al. 1998,,Mainland,Habitat-patches,32.804543,-117.066751,San Diego County,Nearctic,40,7,4000,1016100,2.40487646,440600,,16,50,,"Pitfall, visual surveys",2,0.38,,0.5,,,
23,Suarez et al. 1998,,Mainland,Habitat-patches,32.804543,-117.066751,San Diego County,Nearctic,40,8,4000,1016100,2.40487646,444500,,15,50,,"Pitfall, visual surveys",2,0.38,,0.5,,,
23,Suarez et al. 1998,,Mainland,Habitat-patches,32.804543,-117.066751,San Diego County,Nearctic,40,9,4000,1016100,2.40487646,341300,,3,50,,"Pitfall, visual surveys",2,0.38,,0.5,,,
23,Suarez et al. 1998,,Mainland,Habitat-patches,32.804543,-117.066751,San Diego County,Nearctic,40,10,4000,1016100,2.40487646,317500,,18,50,,"Pitfall, visual surveys",2,0.38,,0.5,,,
23,Suarez et al. 1998,,Mainland,Habitat-patches,32.804543,-117.066751,San Diego County,Nearctic,40,11,4000,1016100,2.40487646,309600,,11,50,,"Pitfall, visual surveys",2,0.38,,0.5,,,
23,Suarez et al. 1998,,Mainland,Habitat-patches,32.804543,-117.066751,San Diego County,Nearctic,40,12,4000,1016100,2.40487646,146900,,6,50,,"Pitfall, visual surveys",2,0.38,,0.5,,,
23,Suarez et al. 1998,,Mainland,Habitat-patches,32.804543,-117.066751,San Diego County,Nearctic,40,13,4000,1016100,2.40487646,127000,,4,50,,"Pitfall, visual surveys",2,0.38,,0.5,,,
23,Suarez et al. 1998,,Mainland,Habitat-patches,32.804543,-117.066751,San Diego County,Nearctic,40,14,4000,1016100,2.40487646,115100,,6,50,,"Pitfall, visual surveys",2,0.38,,0.5,,,
23,Suarez et al. 1998,,Mainland,Habitat-patches,32.804543,-117.066751,San Diego County,Nearctic,40,15,4000,1016100,2.40487646,101600,,4,50,,"Pitfall, visual surveys",2,0.38,,0.5,,,
23,Suarez et al. 1998,,Mainland,Habitat-patches,32.804543,-117.066751,San Diego County,Nearctic,40,16,4000,1016100,2.40487646,95300,,8,50,,"Pitfall, visual surveys",2,0.38,,0.5,,,
23,Suarez et al. 1998,,Mainland,Habitat-patches,32.804543,-117.066751,San Diego County,Nearctic,40,17,4000,1016100,2.40487646,95300,,6,50,,"Pitfall, visual surveys",2,0.38,,0.5,,,
23,Suarez et al. 1998,,Mainland,Habitat-patches,32.804543,-117.066751,San Diego County,Nearctic,40,18,4000,1016100,2.40487646,93900,,6,50,,"Pitfall, visual surveys",2,0.38,,0.5,,,
23,Suarez et al. 1998,,Mainland,Habitat-patches,32.804543,-117.066751,San Diego County,Nearctic,40,19,4000,1016100,2.40487646,87300,,4,50,,"Pitfall, visual surveys",2,0.38,,0.5,,,
23,Suarez et al. 1998,,Mainland,Habitat-patches,32.804543,-117.066751,San Diego County,Nearctic,40,20,4000,1016100,2.40487646,83300,,4,50,,"Pitfall, visual surveys",2,0.38,,0.5,,,
23,Suarez et al. 1998,,Mainland,Habitat-patches,32.804543,-117.066751,San Diego County,Nearctic,40,21,4000,1016100,2.40487646,79400,,9,50,,"Pitfall, visual surveys",2,0.38,,0.5,,,
23,Suarez et al. 1998,,Mainland,Habitat-patches,32.804543,-117.066751,San Diego County,Nearctic,40,22,4000,1016100,2.40487646,79400,,3,50,,"Pitfall, visual surveys",2,0.38,,0.5,,,
23,Suarez et al. 1998,,Mainland,Habitat-patches,32.804543,-117.066751,San Diego County,Nearctic,40,23,4000,1016100,2.40487646,79400,,3,50,,"Pitfall, visual surveys",2,0.38,,0.5,,,
23,Suarez et al. 1998,,Mainland,Habitat-patches,32.804543,-117.066751,San Diego County,Nearctic,40,24,4000,1016100,2.40487646,71400,,5,50,,"Pitfall, visual surveys",2,0.38,,0.5,,,
23,Suarez et al. 1998,,Mainland,Habitat-patches,32.804543,-117.066751,San Diego County,Nearctic,40,25,4000,1016100,2.40487646,67500,,5,50,,"Pitfall, visual surveys",2,0.38,,0.5,,,
23,Suarez et al. 1998,,Mainland,Habitat-patches,32.804543,-117.066751,San Diego County,Nearctic,40,26,4000,1016100,2.40487646,67500,,3,50,,"Pitfall, visual surveys",2,0.38,,0.5,,,
23,Suarez et al. 1998,,Mainland,Habitat-patches,32.804543,-117.066751,San Diego County,Nearctic,40,27,4000,1016100,2.40487646,63500,,6,50,,"Pitfall, visual surveys",2,0.38,,0.5,,,
23,Suarez et al. 1998,,Mainland,Habitat-patches,32.804543,-117.066751,San Diego County,Nearctic,40,28,4000,1016100,2.40487646,63500,,6,50,,"Pitfall, visual surveys",2,0.38,,0.5,,,
23,Suarez et al. 1998,,Mainland,Habitat-patches,32.804543,-117.066751,San Diego County,Nearctic,40,29,4000,1016100,2.40487646,55600,,5,50,,"Pitfall, visual surveys",2,0.38,,0.5,,,
23,Suarez et al. 1998,,Mainland,Habitat-patches,32.804543,-117.066751,San Diego County,Nearctic,40,30,4000,1016100,2.40487646,55600,,3,50,,"Pitfall, visual surveys",2,0.38,,0.5,,,
23,Suarez et al. 1998,,Mainland,Habitat-patches,32.804543,-117.066751,San Diego County,Nearctic,40,31,4000,1016100,2.40487646,51600,,3,50,,"Pitfall, visual surveys",2,0.38,,0.5,,,
23,Suarez et al. 1998,,Mainland,Habitat-patches,32.804543,-117.066751,San Diego County,Nearctic,40,32,4000,1016100,2.40487646,39700,,3,50,,"Pitfall, visual surveys",2,0.38,,0.5,,,
23,Suarez et al. 1998,,Mainland,Habitat-patches,32.804543,-117.066751,San Diego County,Nearctic,40,33,4000,1016100,2.40487646,39700,,2,50,,"Pitfall, visual surveys",2,0.38,,0.5,,,
23,Suarez et al. 1998,,Mainland,Habitat-patches,32.804543,-117.066751,San Diego County,Nearctic,40,34,4000,1016100,2.40487646,39700,,3,50,,"Pitfall, visual surveys",2,0.38,,0.5,,,
23,Suarez et al. 1998,,Mainland,Habitat-patches,32.804543,-117.066751,San Diego County,Nearctic,40,35,4000,1016100,2.40487646,31800,,2,50,,"Pitfall, visual surveys",2,0.38,,0.5,,,
23,Suarez et al. 1998,,Mainland,Habitat-patches,32.804543,-117.066751,San Diego County,Nearctic,40,36,4000,1016100,2.40487646,27800,,3,50,,"Pitfall, visual surveys",2,0.38,,0.5,,,
23,Suarez et al. 1998,,Mainland,Habitat-patches,32.804543,-117.066751,San Diego County,Nearctic,40,37,4000,1016100,2.40487646,23800,,5,50,,"Pitfall, visual surveys",2,0.38,,0.5,,,
23,Suarez et al. 1998,,Mainland,Habitat-patches,32.804543,-117.066751,San Diego County,Nearctic,40,38,4000,1016100,2.40487646,23800,,3,50,,"Pitfall, visual surveys",2,0.38,,0.5,,,
23,Suarez et al. 1998,,Mainland,Habitat-patches,32.804543,-117.066751,San Diego County,Nearctic,40,39,4000,1016100,2.40487646,16300,,1,50,,"Pitfall, visual surveys",2,0.38,,0.5,,,
23,Suarez et al. 1998,,Mainland,Habitat-patches,32.804543,-117.066751,San Diego County,Nearctic,40,40,4000,1016100,2.40487646,4000,,4,50,,"Pitfall, visual surveys",2,0.38,,0.5,,,
24,Wetter et al. 2002,,Insular,Continental,24.6333,-82.8749,Dry tortugas,Neotropic,5,Loggerhead island,8000,260000,1.511883361,260000,,8,,,"Baits, Literature review",1,0.28,0.15,0.39,N,,
24,Wetter et al. 2002,,Insular,Continental,24.6333,-82.8749,Dry tortugas,Neotropic,5,Garden Island,8000,260000,1.511883361,170000,,18,,,"Baits, Literature review",1,0.28,0.15,0.39,N,,
24,Wetter et al. 2002,,Insular,Continental,24.6333,-82.8749,Dry tortugas,Neotropic,5,Bush Island,8000,260000,1.511883361,120000,,6,,,"Baits, Literature review",1,0.28,0.15,0.39,N,,
24,Wetter et al. 2002,,Insular,Continental,24.6333,-82.8749,Dry tortugas,Neotropic,5,Long Island,8000,260000,1.511883361,8000,,4,,,"Baits, Literature review",1,0.28,0.15,0.39,N,,
24,Wetter et al. 2002,,Insular,Continental,24.6333,-82.8749,Dry tortugas,Neotropic,5,East Island,8000,260000,1.511883361,16000,,5,,,"Baits, Literature review",1,0.28,0.15,0.39,N,,
25,Wetterer et al. 2007,,Insular,Oceanic,32.733338,-16.918018,Madeiran Archipelago,Palearctic,4,Madeira island,2730000,741000000,2.433655561,741000000,,27,27,,Lit review,0,0.43,0.1,0.84,N,,
25,Wetterer et al. 2007,,Insular,Oceanic,32.733338,-16.918018,Madeiran Archipelago,Palearctic,4,Desertas Island,2730000,741000000,2.433655561,14211265,,9,,,Lit review,0,0.43,,0.84,,,
25,Wetterer et al. 2007,,Insular,Oceanic,32.733338,-16.918018,Madeiran Archipelago,Palearctic,4,Porto Santo,2730000,741000000,2.433655561,42165006,,11,,,Lit review,0,0.43,,0.84,,,
25,Wetterer et al. 2007,,Insular,Oceanic,32.733338,-16.918018,Madeiran Archipelago,Palearctic,4,Selvagens ,2730000,741000000,2.433655561,2730000,,2,,,Lit review,0,0.43,,0.84,,,
26,Baroni-Urbani 1978 cited in wilson's west indies book,,Insular,Continental,42.772158,10.254031,Toscane archipelago,Palearctic,21,,,,#DIV/0!,,,,,,,,0.23,,0.74,,,
27,Cole 1983,,Insular,Continental,24.606084,-81.590183,"Mangrone islands, florida keys, small islands in sugarloaf key, saddlebrunch keys, big coppitt keys",Neotropic,81,,,,4.465,,,,,,,,0.21,,0.9,,cole's measurements were in volume not area,
28,Dauber et al. 2006,,Mainland,Habitat-patches,59.410957,17.194889,"Selaon, Sweden",Palearctic,,,1800,89600,1.697035505,,,,,,Pitfall,1,-0.04,,0.3,,,
29,Terayama 1992,,Insular,Oceanic,33.5,132,East Asia,Palearctic,4,Hokkaido,,36000000000,79000000000,79000000000,,61,,,,,-0.33,0.54,-0.25,N,"you got these valuees from choi who reefereenceed terayama 1992, huge latitduninal gradient",
29,Terayama 1992,,Insular,Oceanic,33.5,132,East Asia,Palearctic,4,Shikoku,,36000000000,79000000000,18000000000,,96,,,,,-0.33,0.54,-0.25,N,"you got these valuees from choi who reefereenceed terayama 1992, huge latitduninal gradient",
29,Terayama 1992,,Insular,Oceanic,33.5,132,East Asia,Palearctic,4,Kyushu,,36000000000,79000000000,36000000000,,123,,,,,-0.33,0.54,-0.25,N,"you got these valuees from choi who reefereenceed terayama 1992, huge latitduninal gradient",
29,Terayama 1992,,Insular,Oceanic,33.5,132,East Asia,Palearctic,4,Taiwan,,36000000000,79000000000,36000000000,,205,,,,,-0.33,0.54,-0.25,N,"you got these valuees from choi who reefereenceed terayama 1992, huge latitduninal gradient",
30a,Sanders_2002,,Mainland,Habitat-patches,39.276488,-110.570176,Western United States,Nearctic,3,Colorado,,,,,,,,,,,0.896,,0.75,Y,,
30b,Sanders_2002,,Mainland,Habitat-patches,39.276488,-110.570176,Western United States,Nearctic,3,Nevada,,,,,,,,,,,0.402,,0.71,Y,,
30c,Sanders_2002,,Mainland,Habitat-patches,39.276488,-110.570176,Western United States,Nearctic,3,Utah,,,,,,,,,,,0.523,,0.53,Y,,
31,Sugiura,,Insular,Oceanic,27.069369,142.216814,Japan,Palearctic,5,Chichi-jima,490000,23990000,1.689834168,23990000,,16,23,,,,0.17,0.03,0.86,Y,,
31,Sugiura,,Insular,Oceanic,27.069369,142.216814,Japan,Palearctic,5,Haha-jima,490000,23990000,1.689834168,20800000,,13,23,,,,0.17,0.03,0.86,Y,,
31,Sugiura,,Insular,Oceanic,27.069369,142.216814,Japan,Palearctic,5,Ani-jima,490000,23990000,1.689834168,7850000,,11,23,,,,0.17,0.03,0.86,Y,,
31,Sugiura,,Insular,Oceanic,27.069369,142.216814,Japan,Palearctic,5,Mukou-jima,490000,23990000,1.689834168,1450000,,8,23,,,,0.17,0.03,0.86,Y,,
31,Sugiura,,Insular,Oceanic,27.069369,142.216814,Japan,Palearctic,5,Nishi-jima,490000,23990000,1.689834168,490000,,8,23,,,,0.17,0.03,0.86,Y,,
32,Leal et al. 2012,,Mainland,Habitat-patches,-8.866667,-35.866667,"Brazil, Usina Serra Grande",Neotropic,19,1,101700,35000000,2.536747091,101700,,49,146,,Leaf litter,1,0.05,0.03,0.1,N,,
32,Leal et al. 2012,,Mainland,Habitat-patches,-8.866667,-35.866667,"Brazil, Usina Serra Grande",Neotropic,19,2,101700,35000000,2.536747091,225600,,53,146,,Leaf litter,1,0.05,0.03,0.1,N,,
32,Leal et al. 2012,,Mainland,Habitat-patches,-8.866667,-35.866667,"Brazil, Usina Serra Grande",Neotropic,19,3,101700,35000000,2.536747091,249300,,57,146,,Leaf litter,1,0.05,0.03,0.1,N,,
32,Leal et al. 2012,,Mainland,Habitat-patches,-8.866667,-35.866667,"Brazil, Usina Serra Grande",Neotropic,19,4,101700,35000000,2.536747091,275200,,50,146,,Leaf litter,1,0.05,0.03,0.1,N,,
32,Leal et al. 2012,,Mainland,Habitat-patches,-8.866667,-35.866667,"Brazil, Usina Serra Grande",Neotropic,19,5,101700,35000000,2.536747091,305500,,49,146,,Leaf litter,1,0.05,0.03,0.1,N,,
32,Leal et al. 2012,,Mainland,Habitat-patches,-8.866667,-35.866667,"Brazil, Usina Serra Grande",Neotropic,19,6,101700,35000000,2.536747091,317400,,58,146,,Leaf litter,1,0.05,0.03,0.1,N,,
32,Leal et al. 2012,,Mainland,Habitat-patches,-8.866667,-35.866667,"Brazil, Usina Serra Grande",Neotropic,19,7,101700,35000000,2.536747091,370300,,59,146,,Leaf litter,1,0.05,0.03,0.1,N,,
32,Leal et al. 2012,,Mainland,Habitat-patches,-8.866667,-35.866667,"Brazil, Usina Serra Grande",Neotropic,19,8,101700,35000000,2.536747091,381700,,52,146,,Leaf litter,1,0.05,0.03,0.1,N,,
32,Leal et al. 2012,,Mainland,Habitat-patches,-8.866667,-35.866667,"Brazil, Usina Serra Grande",Neotropic,19,9,101700,35000000,2.536747091,459200,,29,146,,Leaf litter,1,0.05,0.03,0.1,N,,
32,Leal et al. 2012,,Mainland,Habitat-patches,-8.866667,-35.866667,"Brazil, Usina Serra Grande",Neotropic,19,10,101700,35000000,2.536747091,500500,,59,146,,Leaf litter,1,0.05,0.03,0.1,N,,
32,Leal et al. 2012,,Mainland,Habitat-patches,-8.866667,-35.866667,"Brazil, Usina Serra Grande",Neotropic,19,11,101700,35000000,2.536747091,796400,,50,146,,Leaf litter,1,0.05,0.03,0.1,N,,
32,Leal et al. 2012,,Mainland,Habitat-patches,-8.866667,-35.866667,"Brazil, Usina Serra Grande",Neotropic,19,12,101700,35000000,2.536747091,833700,,54,146,,Leaf litter,1,0.05,0.03,0.1,N,,
32,Leal et al. 2012,,Mainland,Habitat-patches,-8.866667,-35.866667,"Brazil, Usina Serra Grande",Neotropic,19,13,101700,35000000,2.536747091,836300,,39,146,,Leaf litter,1,0.05,0.03,0.1,N,,
32,Leal et al. 2012,,Mainland,Habitat-patches,-8.866667,-35.866667,"Brazil, Usina Serra Grande",Neotropic,19,14,101700,35000000,2.536747091,879400,,61,146,,Leaf litter,1,0.05,0.03,0.1,N,,
32,Leal et al. 2012,,Mainland,Habitat-patches,-8.866667,-35.866667,"Brazil, Usina Serra Grande",Neotropic,19,15,101700,35000000,2.536747091,911600,,48,146,,Leaf litter,1,0.05,0.03,0.1,N,,
32,Leal et al. 2012,,Mainland,Habitat-patches,-8.866667,-35.866667,"Brazil, Usina Serra Grande",Neotropic,19,16,101700,35000000,2.536747091,2505200,,62,146,,Leaf litter,1,0.05,0.03,0.1,N,,
32,Leal et al. 2012,,Mainland,Habitat-patches,-8.866667,-35.866667,"Brazil, Usina Serra Grande",Neotropic,19,17,101700,35000000,2.536747091,2957600,,56,146,,Leaf litter,1,0.05,0.03,0.1,N,,
32,Leal et al. 2012,,Mainland,Habitat-patches,-8.866667,-35.866667,"Brazil, Usina Serra Grande",Neotropic,19,18,101700,35000000,2.536747091,3479300,,67,146,,Leaf litter,1,0.05,0.03,0.1,N,,
32,Leal et al. 2012,,Mainland,Habitat-patches,-8.866667,-35.866667,"Brazil, Usina Serra Grande",Neotropic,19,Coimbra Forest,101700,35000000,2.536747091,35000000,,67,146,,Leaf litter,1,0.05,0.03,0.1,N,,