Study_ID,Citation,SAR_TYPE,Study_location,Biogeo_realm,Number of islands/patches in study,Area,Richness
1,"Goldstein, 1975",Insular,The Thimble Islands,Nearctic,9,161,1
1,"Goldstein, 1975",Insular,The Thimble Islands,Nearctic,9,1612,1
1,"Goldstein, 1975",Insular,The Thimble Islands,Nearctic,9,968,2
1,"Goldstein, 1975",Insular,The Thimble Islands,Nearctic,9,645,2
1,"Goldstein, 1975",Insular,The Thimble Islands,Nearctic,9,484,2
1,"Goldstein, 1975",Insular,The Thimble Islands,Nearctic,9,484,3
1,"Goldstein, 1975",Insular,The Thimble Islands,Nearctic,9,4194,11
1,"Goldstein, 1975",Insular,The Thimble Islands,Nearctic,9,3062,12
1,"Goldstein, 1975",Insular,The Thimble Islands,Nearctic,9,43548,21
1,"Goldstein, 1975",Insular,The Thimble Islands,Nearctic,9,61532,31
1,"Goldstein, 1975",Insular,The Thimble Islands,Nearctic,9,1161,17
1,"Goldstein, 1975",Insular,The Thimble Islands,Nearctic,9,654,19
1,"Goldstein, 1975",Insular,The Thimble Islands,Nearctic,9,208,9
2,"Bandano et al, 2005",Mainland,Argentina,Neotropic,9,5498,5
2,"Bandano et al, 2005",Mainland,Argentina,Neotropic,9,2486,6
2,"Bandano et al, 2005",Mainland,Argentina,Neotropic,9,1686,6
2,"Bandano et al, 2005",Mainland,Argentina,Neotropic,9,23786,7
2,"Bandano et al, 2005",Mainland,Argentina,Neotropic,9,15363,7
2,"Bandano et al, 2005",Mainland,Argentina,Neotropic,9,2487,7
2,"Bandano et al, 2005",Mainland,Argentina,Neotropic,9,52439,8
2,"Bandano et al, 2005",Mainland,Argentina,Neotropic,9,42090,16
2,"Bandano et al, 2005",Mainland,Argentina,Neotropic,9,625163,18
3,"Clark et al, 2011",Insular,Boston Harbor Islands,Nearctic,9,70000,22
3,"Clark et al, 2011",Insular,Boston Harbor Islands,Nearctic,9,80000,22
3,"Clark et al, 2011",Insular,Boston Harbor Islands,Nearctic,9,30000,21
3,"Clark et al, 2011",Insular,Boston Harbor Islands,Nearctic,9,350000,21
3,"Clark et al, 2011",Insular,Boston Harbor Islands,Nearctic,9,1200000,27
3,"Clark et al, 2011",Insular,Boston Harbor Islands,Nearctic,9,10000,25
3,"Clark et al, 2011",Insular,Boston Harbor Islands,Nearctic,9,20000,30
3,"Clark et al, 2011",Insular,Boston Harbor Islands,Nearctic,9,220000,36
3,"Clark et al, 2011",Insular,Boston Harbor Islands,Nearctic,9,540000,38
3,"Clark et al, 2011",Insular,Boston Harbor Islands,Nearctic,9,1080000,39
4,Boomsma et al. 1987,Insular,Frisian Islands,Palearctic,18,8000000,6
4,Boomsma et al. 1987,Insular,Frisian Islands,Palearctic,18,240000,1
4,Boomsma et al. 1987,Insular,Frisian Islands,Palearctic,18,1000000,1
4,Boomsma et al. 1987,Insular,Frisian Islands,Palearctic,18,4000000,3
4,Boomsma et al. 1987,Insular,Frisian Islands,Palearctic,18,10000000,4
4,Boomsma et al. 1987,Insular,Frisian Islands,Palearctic,18,6000000,5
4,Boomsma et al. 1987,Insular,Frisian Islands,Palearctic,18,8000000,14
4,Boomsma et al. 1987,Insular,Frisian Islands,Palearctic,18,16000000,11
4,Boomsma et al. 1987,Insular,Frisian Islands,Palearctic,18,36500000,12
4,Boomsma et al. 1987,Insular,Frisian Islands,Palearctic,18,15000000,12
4,Boomsma et al. 1987,Insular,Frisian Islands,Palearctic,18,33000000,13
4,Boomsma et al. 1987,Insular,Frisian Islands,Palearctic,18,8000000,14
4,Boomsma et al. 1987,Insular,Frisian Islands,Palearctic,18,56000000,17
4,Boomsma et al. 1987,Insular,Frisian Islands,Palearctic,18,24000000,18
4,Boomsma et al. 1987,Insular,Frisian Islands,Palearctic,18,19000000,18
4,Boomsma et al. 1987,Insular,Frisian Islands,Palearctic,18,162000000,17
4,Boomsma et al. 1987,Insular,Frisian Islands,Palearctic,18,26000000,18
4,Boomsma et al. 1987,Insular,Frisian Islands,Palearctic,18,96000000,19
5,Rizali et al. 2010,Insular,Kepulauan Seribu,Indomalaya,18,82300,14
5,Rizali et al. 2010,Insular,Kepulauan Seribu,Indomalaya,18,10000,18
5,Rizali et al. 2010,Insular,Kepulauan Seribu,Indomalaya,18,214200,19
5,Rizali et al. 2010,Insular,Kepulauan Seribu,Indomalaya,18,216500,21
5,Rizali et al. 2010,Insular,Kepulauan Seribu,Indomalaya,18,227400,25
5,Rizali et al. 2010,Insular,Kepulauan Seribu,Indomalaya,18,57600,26
5,Rizali et al. 2010,Insular,Kepulauan Seribu,Indomalaya,18,197100,27
5,Rizali et al. 2010,Insular,Kepulauan Seribu,Indomalaya,18,58000,27
5,Rizali et al. 2010,Insular,Kepulauan Seribu,Indomalaya,18,264300,28
5,Rizali et al. 2010,Insular,Kepulauan Seribu,Indomalaya,18,86200,28
5,Rizali et al. 2010,Insular,Kepulauan Seribu,Indomalaya,18,96300,28
5,Rizali et al. 2010,Insular,Kepulauan Seribu,Indomalaya,18,89600,28
5,Rizali et al. 2010,Insular,Kepulauan Seribu,Indomalaya,18,391200,29
5,Rizali et al. 2010,Insular,Kepulauan Seribu,Indomalaya,18,226500,29
5,Rizali et al. 2010,Insular,Kepulauan Seribu,Indomalaya,18,199200,31
5,Rizali et al. 2010,Insular,Kepulauan Seribu,Indomalaya,18,164300,33
5,Rizali et al. 2010,Insular,Kepulauan Seribu,Indomalaya,18,458000,34
5,Rizali et al. 2010,Insular,Kepulauan Seribu,Indomalaya,18,528700,35
6,Dean & Bond 1990,Mainland,hendrik verwoerd dam,Afrotropic,9,28000,1
6,Dean & Bond 1990,Mainland,hendrik verwoerd dam,Afrotropic,9,155000,4
6,Dean & Bond 1990,Mainland,hendrik verwoerd dam,Afrotropic,9,39000,2
6,Dean & Bond 1990,Mainland,hendrik verwoerd dam,Afrotropic,9,450000,14
6,Dean & Bond 1990,Mainland,hendrik verwoerd dam,Afrotropic,9,10000,2
6,Dean & Bond 1990,Mainland,hendrik verwoerd dam,Afrotropic,9,10000,8
6,Dean & Bond 1990,Mainland,hendrik verwoerd dam,Afrotropic,9,380000,9
6,Dean & Bond 1990,Mainland,hendrik verwoerd dam,Afrotropic,9,150000,4
6,Dean & Bond 1990,Mainland,hendrik verwoerd dam,Afrotropic,9,6500000,17
8,Cuisi et al. 2015,Mainland,"Corumba, County, Brazil",Neotropic,8,1200,11
8,Cuisi et al. 2015,Mainland,"Corumba, County, Brazil",Neotropic,8,1200,19
8,Cuisi et al. 2015,Mainland,"Corumba, County, Brazil",Neotropic,8,3675,20
8,Cuisi et al. 2015,Mainland,"Corumba, County, Brazil",Neotropic,8,1200,20
8,Cuisi et al. 2015,Mainland,"Corumba, County, Brazil",Neotropic,8,1800,23
8,Cuisi et al. 2015,Mainland,"Corumba, County, Brazil",Neotropic,8,3675,37
8,Cuisi et al. 2015,Mainland,"Corumba, County, Brazil",Neotropic,8,4800,38
8,Cuisi et al. 2015,Mainland,"Corumba, County, Brazil",Neotropic,8,6075,63
9,Muhlenberg et al. 1977,Insular,Central Seychelles Islands,Afrotropic,3,7700,11
9,Muhlenberg et al. 1977,Insular,Central Seychelles Islands,Afrotropic,3,850000,16
9,Muhlenberg et al. 1977,Insular,Central Seychelles Islands,Afrotropic,3,350000,17
10,"Schoerder et al, 2004",Mainland,"Vicosam, Brazil",Neotropic,17,3.74,13
10,"Schoerder et al, 2004",Mainland,"Vicosam, Brazil",Neotropic,17,4.05,13
10,"Schoerder et al, 2004",Mainland,"Vicosam, Brazil",Neotropic,17,4.21,14
10,"Schoerder et al, 2004",Mainland,"Vicosam, Brazil",Neotropic,17,6.91,14
10,"Schoerder et al, 2004",Mainland,"Vicosam, Brazil",Neotropic,17,4.99,16
10,"Schoerder et al, 2004",Mainland,"Vicosam, Brazil",Neotropic,17,5.27,16
10,"Schoerder et al, 2004",Mainland,"Vicosam, Brazil",Neotropic,17,5.77,16
10,"Schoerder et al, 2004",Mainland,"Vicosam, Brazil",Neotropic,17,5.56,17
10,"Schoerder et al, 2004",Mainland,"Vicosam, Brazil",Neotropic,17,3.21,20
10,"Schoerder et al, 2004",Mainland,"Vicosam, Brazil",Neotropic,17,7.97,20
10,"Schoerder et al, 2004",Mainland,"Vicosam, Brazil",Neotropic,17,8,20
10,"Schoerder et al, 2004",Mainland,"Vicosam, Brazil",Neotropic,17,8.56,23
10,"Schoerder et al, 2004",Mainland,"Vicosam, Brazil",Neotropic,17,30.13,38
10,"Schoerder et al, 2004",Mainland,"Vicosam, Brazil",Neotropic,17,39.21,47
10,"Schoerder et al, 2004",Mainland,"Vicosam, Brazil",Neotropic,17,46.16,58
10,"Schoerder et al, 2004",Mainland,"Vicosam, Brazil",Neotropic,17,60.53,59
10,"Schoerder et al, 2004",Mainland,"Vicosam, Brazil",Neotropic,17,93.37,77
11,Wetterer,Insular,Kingdom of Tonga,Oceania,7,259000000,19
11,Wetterer,Insular,Kingdom of Tonga,Oceania,7,259000000,36
11,Wetterer,Insular,Kingdom of Tonga,Oceania,7,177000000,37
11,Wetterer,Insular,Kingdom of Tonga,Oceania,7,87000000,47
11,Wetterer,Insular,Kingdom of Tonga,Oceania,7,699000000,53
11,Wetterer,Insular,Kingdom of Tonga,Oceania,7,3132000000,67
11,Wetterer,Insular,Kingdom of Tonga,Oceania,7,18272000000,88
12,Trainor & Andersen 2010,Insular,Timor,Indomalaya,5,1270000000,12
12,Trainor & Andersen 2010,Insular,Timor,Indomalaya,5,144000000,15
12,Trainor & Andersen 2010,Insular,Timor,Indomalaya,5,728000000,27
12,Trainor & Andersen 2010,Insular,Timor,Indomalaya,5,2125000000,36
12,Trainor & Andersen 2010,Insular,Timor,Indomalaya,5,3900000000,48
12,Trainor & Andersen 2010,Insular,Timor,Indomalaya,5,30777000000,111
13,Sarnat et al 2013,Insular,Solomon,Australasia,31,2000000,1
13,Sarnat et al 2013,Insular,Solomon,Australasia,31,5000000,1
13,Sarnat et al 2013,Insular,Solomon,Australasia,31,49309000,2
13,Sarnat et al 2013,Insular,Solomon,Australasia,31,184000000,2
13,Sarnat et al 2013,Insular,Solomon,Australasia,31,208000000,2
13,Sarnat et al 2013,Insular,Solomon,Australasia,31,173000000,2
13,Sarnat et al 2013,Insular,Solomon,Australasia,31,509000000,3
13,Sarnat et al 2013,Insular,Solomon,Australasia,31,700106,4
13,Sarnat et al 2013,Insular,Solomon,Australasia,31,1500000000,4
13,Sarnat et al 2013,Insular,Solomon,Australasia,31,5620000,4
13,Sarnat et al 2013,Insular,Solomon,Australasia,31,183000,7
13,Sarnat et al 2013,Insular,Solomon,Australasia,31,629900000,7
13,Sarnat et al 2013,Insular,Solomon,Australasia,31,368264,8
13,Sarnat et al 2013,Insular,Solomon,Australasia,31,15700000,8
13,Sarnat et al 2013,Insular,Solomon,Australasia,31,2970700000,11
13,Sarnat et al 2013,Insular,Solomon,Australasia,31,31000000,12
13,Sarnat et al 2013,Insular,Solomon,Australasia,31,411000000,16
13,Sarnat et al 2013,Insular,Solomon,Australasia,31,687800000,17
13,Sarnat et al 2013,Insular,Solomon,Australasia,31,2036000000,18
13,Sarnat et al 2013,Insular,Solomon,Australasia,31,30200000,18
13,Sarnat et al 2013,Insular,Solomon,Australasia,31,2080000,21
13,Sarnat et al 2013,Insular,Solomon,Australasia,31,219000000,28
13,Sarnat et al 2013,Insular,Solomon,Australasia,31,6370000,29
13,Sarnat et al 2013,Insular,Solomon,Australasia,31,16094186,32
13,Sarnat et al 2013,Insular,Solomon,Australasia,31,506000000,32
13,Sarnat et al 2013,Insular,Solomon,Australasia,31,43980000,38
13,Sarnat et al 2013,Insular,Solomon,Australasia,31,660100000,66
13,Sarnat et al 2013,Insular,Solomon,Australasia,31,2999000000,68
13,Sarnat et al 2013,Insular,Solomon,Australasia,31,4307000000,71
13,Sarnat et al 2013,Insular,Solomon,Australasia,31,5301700000,107
13,Sarnat et al 2013,Insular,Solomon,Australasia,31,1230000000,142
15,Woinarski et al 1998,Insular,Wesell and English Islands Company groups,Australasia,34,62000,1
15,Woinarski et al 1998,Insular,Wesell and English Islands Company groups,Australasia,34,68000,2
15,Woinarski et al 1998,Insular,Wesell and English Islands Company groups,Australasia,34,520000,4
15,Woinarski et al 1998,Insular,Wesell and English Islands Company groups,Australasia,34,120000,4
15,Woinarski et al 1998,Insular,Wesell and English Islands Company groups,Australasia,34,91000,4
15,Woinarski et al 1998,Insular,Wesell and English Islands Company groups,Australasia,34,55000,4
15,Woinarski et al 1998,Insular,Wesell and English Islands Company groups,Australasia,34,1550000,5
15,Woinarski et al 1998,Insular,Wesell and English Islands Company groups,Australasia,34,56000,5
15,Woinarski et al 1998,Insular,Wesell and English Islands Company groups,Australasia,34,15000,5
15,Woinarski et al 1998,Insular,Wesell and English Islands Company groups,Australasia,34,120000,5
15,Woinarski et al 1998,Insular,Wesell and English Islands Company groups,Australasia,34,550000,5
15,Woinarski et al 1998,Insular,Wesell and English Islands Company groups,Australasia,34,150000,5
15,Woinarski et al 1998,Insular,Wesell and English Islands Company groups,Australasia,34,180000,5
15,Woinarski et al 1998,Insular,Wesell and English Islands Company groups,Australasia,34,600000,6
15,Woinarski et al 1998,Insular,Wesell and English Islands Company groups,Australasia,34,37000,7
15,Woinarski et al 1998,Insular,Wesell and English Islands Company groups,Australasia,34,61000,8
15,Woinarski et al 1998,Insular,Wesell and English Islands Company groups,Australasia,34,110000,8
15,Woinarski et al 1998,Insular,Wesell and English Islands Company groups,Australasia,34,3190000,8
15,Woinarski et al 1998,Insular,Wesell and English Islands Company groups,Australasia,34,580000,8
15,Woinarski et al 1998,Insular,Wesell and English Islands Company groups,Australasia,34,2820000,9
15,Woinarski et al 1998,Insular,Wesell and English Islands Company groups,Australasia,34,460000,9
15,Woinarski et al 1998,Insular,Wesell and English Islands Company groups,Australasia,34,200000,10
15,Woinarski et al 1998,Insular,Wesell and English Islands Company groups,Australasia,34,710000,10
15,Woinarski et al 1998,Insular,Wesell and English Islands Company groups,Australasia,34,3060000,14
15,Woinarski et al 1998,Insular,Wesell and English Islands Company groups,Australasia,34,41140000,15
15,Woinarski et al 1998,Insular,Wesell and English Islands Company groups,Australasia,34,2460000,15
15,Woinarski et al 1998,Insular,Wesell and English Islands Company groups,Australasia,34,3920000,19
15,Woinarski et al 1998,Insular,Wesell and English Islands Company groups,Australasia,34,7470000,22
15,Woinarski et al 1998,Insular,Wesell and English Islands Company groups,Australasia,34,12680000,29
15,Woinarski et al 1998,Insular,Wesell and English Islands Company groups,Australasia,34,21200000,29
15,Woinarski et al 1998,Insular,Wesell and English Islands Company groups,Australasia,34,81810000,31
15,Woinarski et al 1998,Insular,Wesell and English Islands Company groups,Australasia,34,93990000,40
15,Woinarski et al 1998,Insular,Wesell and English Islands Company groups,Australasia,34,22830000,41
15,Woinarski et al 1998,Insular,Wesell and English Islands Company groups,Australasia,34,209730000,45
16,Wilson zoogeography of caribean insects: chapter 9: The biogeography of the west indian ants,Insular,West Indian Isands,Neotropic,20,102000000,7
16,Wilson zoogeography of caribean insects: chapter 9: The biogeography of the west indian ants,Insular,West Indian Isands,Neotropic,20,218000000,7
16,Wilson zoogeography of caribean insects: chapter 9: The biogeography of the west indian ants,Insular,West Indian Isands,Neotropic,20,280000000,11
16,Wilson zoogeography of caribean insects: chapter 9: The biogeography of the west indian ants,Insular,West Indian Isands,Neotropic,20,52000000,13
16,Wilson zoogeography of caribean insects: chapter 9: The biogeography of the west indian ants,Insular,West Indian Isands,Neotropic,20,1780000000,15
16,Wilson zoogeography of caribean insects: chapter 9: The biogeography of the west indian ants,Insular,West Indian Isands,Neotropic,20,616000000,16
16,Wilson zoogeography of caribean insects: chapter 9: The biogeography of the west indian ants,Insular,West Indian Isands,Neotropic,20,300000000,19
16,Wilson zoogeography of caribean insects: chapter 9: The biogeography of the west indian ants,Insular,West Indian Isands,Neotropic,20,1116000000,20
16,Wilson zoogeography of caribean insects: chapter 9: The biogeography of the west indian ants,Insular,West Indian Isands,Neotropic,20,26000000,26
16,Wilson zoogeography of caribean insects: chapter 9: The biogeography of the west indian ants,Insular,West Indian Isands,Neotropic,20,728000000,28
16,Wilson zoogeography of caribean insects: chapter 9: The biogeography of the west indian ants,Insular,West Indian Isands,Neotropic,20,83000000,39
16,Wilson zoogeography of caribean insects: chapter 9: The biogeography of the west indian ants,Insular,West Indian Isands,Neotropic,20,8897000000,56
16,Wilson zoogeography of caribean insects: chapter 9: The biogeography of the west indian ants,Insular,West Indian Isands,Neotropic,20,13864000000,59
16,Wilson zoogeography of caribean insects: chapter 9: The biogeography of the west indian ants,Insular,West Indian Isands,Neotropic,20,10991000000,59
16,Wilson zoogeography of caribean insects: chapter 9: The biogeography of the west indian ants,Insular,West Indian Isands,Neotropic,20,76190000000,88
16,Wilson zoogeography of caribean insects: chapter 9: The biogeography of the west indian ants,Insular,West Indian Isands,Neotropic,20,1.15E+11,146
16,Wilson zoogeography of caribean insects: chapter 9: The biogeography of the west indian ants,Insular,West Indian Isands,Neotropic,20,4828000000,148
16,Wilson zoogeography of caribean insects: chapter 9: The biogeography of the west indian ants,Insular,West Indian Isands,Neotropic,20,430000000,18
16,Wilson zoogeography of caribean insects: chapter 9: The biogeography of the west indian ants,Insular,West Indian Isands,Neotropic,20,344000000,39
16,Wilson zoogeography of caribean insects: chapter 9: The biogeography of the west indian ants,Insular,West Indian Isands,Neotropic,20,389000000,63
17,Vasconcelos et al. 2006,Mainland,Alter do Chao,Neotropic,26,105220,60
17,Vasconcelos et al. 2006,Mainland,Alter do Chao,Neotropic,26,60640,62
17,Vasconcelos et al. 2006,Mainland,Alter do Chao,Neotropic,26,38171,62
17,Vasconcelos et al. 2006,Mainland,Alter do Chao,Neotropic,26,89030,64
17,Vasconcelos et al. 2006,Mainland,Alter do Chao,Neotropic,26,224390,65
17,Vasconcelos et al. 2006,Mainland,Alter do Chao,Neotropic,26,84861,65
17,Vasconcelos et al. 2006,Mainland,Alter do Chao,Neotropic,26,36235,66
17,Vasconcelos et al. 2006,Mainland,Alter do Chao,Neotropic,26,468690,67
17,Vasconcelos et al. 2006,Mainland,Alter do Chao,Neotropic,26,280540,67
17,Vasconcelos et al. 2006,Mainland,Alter do Chao,Neotropic,26,23892,67
17,Vasconcelos et al. 2006,Mainland,Alter do Chao,Neotropic,26,412270,70
17,Vasconcelos et al. 2006,Mainland,Alter do Chao,Neotropic,26,263360,70
17,Vasconcelos et al. 2006,Mainland,Alter do Chao,Neotropic,26,396160,71
17,Vasconcelos et al. 2006,Mainland,Alter do Chao,Neotropic,26,428470,71
17,Vasconcelos et al. 2006,Mainland,Alter do Chao,Neotropic,26,139130,72
17,Vasconcelos et al. 2006,Mainland,Alter do Chao,Neotropic,26,3610000,73
17,Vasconcelos et al. 2006,Mainland,Alter do Chao,Neotropic,26,3610000,73
17,Vasconcelos et al. 2006,Mainland,Alter do Chao,Neotropic,26,146380,75
17,Vasconcelos et al. 2006,Mainland,Alter do Chao,Neotropic,26,74220,76
17,Vasconcelos et al. 2006,Mainland,Alter do Chao,Neotropic,26,314240,78
17,Vasconcelos et al. 2006,Mainland,Alter do Chao,Neotropic,26,231230,79
17,Vasconcelos et al. 2006,Mainland,Alter do Chao,Neotropic,26,664700,79
17,Vasconcelos et al. 2006,Mainland,Alter do Chao,Neotropic,26,1899000,81
17,Vasconcelos et al. 2006,Mainland,Alter do Chao,Neotropic,26,213250,84
17,Vasconcelos et al. 2006,Mainland,Alter do Chao,Neotropic,26,597000,86
17,Vasconcelos et al. 2006,Mainland,Alter do Chao,Neotropic,26,1899000,87
19,Morrison 1997,Insular,Polynesian islands,Oceania,13,3900000,1
19,Morrison 1997,Insular,Polynesian islands,Oceania,13,163600000,4
19,Morrison 1997,Insular,Polynesian islands,Oceania,13,24100000,6
19,Morrison 1997,Insular,Polynesian islands,Oceania,13,25000000,8
19,Morrison 1997,Insular,Polynesian islands,Oceania,13,41000000,8
19,Morrison 1997,Insular,Polynesian islands,Oceania,13,2600000,9
19,Morrison 1997,Insular,Polynesian islands,Oceania,13,26900000,12
19,Morrison 1997,Insular,Polynesian islands,Oceania,13,5000000,12
19,Morrison 1997,Insular,Polynesian islands,Oceania,13,15400000,14
19,Morrison 1997,Insular,Polynesian islands,Oceania,13,18300000,15
19,Morrison 1997,Insular,Polynesian islands,Oceania,13,67390000,18
19,Morrison 1997,Insular,Polynesian islands,Oceania,13,85000000,19
19,Morrison 1997,Insular,Polynesian islands,Oceania,13,316000000,19
23,Suarez et al. 1998,Mainland,San Diego County,Nearctic,40,16300,1
23,Suarez et al. 1998,Mainland,San Diego County,Nearctic,40,39700,2
23,Suarez et al. 1998,Mainland,San Diego County,Nearctic,40,31800,2
23,Suarez et al. 1998,Mainland,San Diego County,Nearctic,40,341300,3
23,Suarez et al. 1998,Mainland,San Diego County,Nearctic,40,79400,3
23,Suarez et al. 1998,Mainland,San Diego County,Nearctic,40,79400,3
23,Suarez et al. 1998,Mainland,San Diego County,Nearctic,40,67500,3
23,Suarez et al. 1998,Mainland,San Diego County,Nearctic,40,55600,3
23,Suarez et al. 1998,Mainland,San Diego County,Nearctic,40,51600,3
23,Suarez et al. 1998,Mainland,San Diego County,Nearctic,40,39700,3
23,Suarez et al. 1998,Mainland,San Diego County,Nearctic,40,39700,3
23,Suarez et al. 1998,Mainland,San Diego County,Nearctic,40,27800,3
23,Suarez et al. 1998,Mainland,San Diego County,Nearctic,40,23800,3
23,Suarez et al. 1998,Mainland,San Diego County,Nearctic,40,127000,4
23,Suarez et al. 1998,Mainland,San Diego County,Nearctic,40,101600,4
23,Suarez et al. 1998,Mainland,San Diego County,Nearctic,40,87300,4
23,Suarez et al. 1998,Mainland,San Diego County,Nearctic,40,83300,4
23,Suarez et al. 1998,Mainland,San Diego County,Nearctic,40,4000,4
23,Suarez et al. 1998,Mainland,San Diego County,Nearctic,40,722400,5
23,Suarez et al. 1998,Mainland,San Diego County,Nearctic,40,71400,5
23,Suarez et al. 1998,Mainland,San Diego County,Nearctic,40,67500,5
23,Suarez et al. 1998,Mainland,San Diego County,Nearctic,40,55600,5
23,Suarez et al. 1998,Mainland,San Diego County,Nearctic,40,23800,5
23,Suarez et al. 1998,Mainland,San Diego County,Nearctic,40,563600,6
23,Suarez et al. 1998,Mainland,San Diego County,Nearctic,40,146900,6
23,Suarez et al. 1998,Mainland,San Diego County,Nearctic,40,115100,6
23,Suarez et al. 1998,Mainland,San Diego County,Nearctic,40,95300,6
23,Suarez et al. 1998,Mainland,San Diego County,Nearctic,40,93900,6
23,Suarez et al. 1998,Mainland,San Diego County,Nearctic,40,63500,6
23,Suarez et al. 1998,Mainland,San Diego County,Nearctic,40,63500,6
23,Suarez et al. 1998,Mainland,San Diego County,Nearctic,40,639000,8
23,Suarez et al. 1998,Mainland,San Diego County,Nearctic,40,95300,8
23,Suarez et al. 1998,Mainland,San Diego County,Nearctic,40,79400,9
23,Suarez et al. 1998,Mainland,San Diego County,Nearctic,40,309600,11
23,Suarez et al. 1998,Mainland,San Diego County,Nearctic,40,1016100,13
23,Suarez et al. 1998,Mainland,San Diego County,Nearctic,40,444500,15
23,Suarez et al. 1998,Mainland,San Diego County,Nearctic,40,440600,16
23,Suarez et al. 1998,Mainland,San Diego County,Nearctic,40,781900,17
23,Suarez et al. 1998,Mainland,San Diego County,Nearctic,40,317500,18
23,Suarez et al. 1998,Mainland,San Diego County,Nearctic,40,1008100,22
24,Wetter et al. 2002,Insular,Dry tortugas,Neotropic,5,8000,4
24,Wetter et al. 2002,Insular,Dry tortugas,Neotropic,5,16000,5
24,Wetter et al. 2002,Insular,Dry tortugas,Neotropic,5,120000,6
24,Wetter et al. 2002,Insular,Dry tortugas,Neotropic,5,260000,8
24,Wetter et al. 2002,Insular,Dry tortugas,Neotropic,5,170000,18
25,Wetterer et al. 2007,Insular,Madeiran Archipelago,Palearctic,4,2730000,2
25,Wetterer et al. 2007,Insular,Madeiran Archipelago,Palearctic,4,14211265,9
25,Wetterer et al. 2007,Insular,Madeiran Archipelago,Palearctic,4,42165006,11
25,Wetterer et al. 2007,Insular,Madeiran Archipelago,Palearctic,4,741000000,27
29,Terayama 1992,Insular,East Asia,Palearctic,4,79000000000,61
29,Terayama 1992,Insular,East Asia,Palearctic,4,18000000000,96
29,Terayama 1992,Insular,East Asia,Palearctic,4,36000000000,123
29,Terayama 1992,Insular,East Asia,Palearctic,4,36000000000,205
31,Sugiura,Insular,Japan,Palearctic,5,1450000,8
31,Sugiura,Insular,Japan,Palearctic,5,490000,8
31,Sugiura,Insular,Japan,Palearctic,5,7850000,11
31,Sugiura,Insular,Japan,Palearctic,5,20800000,13
31,Sugiura,Insular,Japan,Palearctic,5,23990000,16
32,Leal et al. 2012,Mainland,"Brazil, Usina Serra Grande",Neotropic,19,459200,29
32,Leal et al. 2012,Mainland,"Brazil, Usina Serra Grande",Neotropic,19,836300,39
32,Leal et al. 2012,Mainland,"Brazil, Usina Serra Grande",Neotropic,19,911600,48
32,Leal et al. 2012,Mainland,"Brazil, Usina Serra Grande",Neotropic,19,101700,49
32,Leal et al. 2012,Mainland,"Brazil, Usina Serra Grande",Neotropic,19,305500,49
32,Leal et al. 2012,Mainland,"Brazil, Usina Serra Grande",Neotropic,19,275200,50
32,Leal et al. 2012,Mainland,"Brazil, Usina Serra Grande",Neotropic,19,796400,50
32,Leal et al. 2012,Mainland,"Brazil, Usina Serra Grande",Neotropic,19,381700,52
32,Leal et al. 2012,Mainland,"Brazil, Usina Serra Grande",Neotropic,19,225600,53
32,Leal et al. 2012,Mainland,"Brazil, Usina Serra Grande",Neotropic,19,833700,54
32,Leal et al. 2012,Mainland,"Brazil, Usina Serra Grande",Neotropic,19,2957600,56
32,Leal et al. 2012,Mainland,"Brazil, Usina Serra Grande",Neotropic,19,249300,57
32,Leal et al. 2012,Mainland,"Brazil, Usina Serra Grande",Neotropic,19,317400,58
32,Leal et al. 2012,Mainland,"Brazil, Usina Serra Grande",Neotropic,19,370300,59
32,Leal et al. 2012,Mainland,"Brazil, Usina Serra Grande",Neotropic,19,500500,59
32,Leal et al. 2012,Mainland,"Brazil, Usina Serra Grande",Neotropic,19,879400,61
32,Leal et al. 2012,Mainland,"Brazil, Usina Serra Grande",Neotropic,19,2505200,62
32,Leal et al. 2012,Mainland,"Brazil, Usina Serra Grande",Neotropic,19,3479300,67
32,Leal et al. 2012,Mainland,"Brazil, Usina Serra Grande",Neotropic,19,35000000,67
33,"Wetterer, J.K., X. Espadaler, A.L. Wetterer, and S.G.M. Cabral. 2004. Native and exotic ants of the Azores (Hymenoptera: Formicidae). Sociobiology 44: 1-20.",Insular,"Azores, Portugal",Palearctic,9,20000000,2
33,"Wetterer, J.K., X. Espadaler, A.L. Wetterer, and S.G.M. Cabral. 2004. Native and exotic ants of the Azores (Hymenoptera: Formicidae). Sociobiology 44: 1-20.",Insular,"Azores, Portugal",Palearctic,9,153000000,4
33,"Wetterer, J.K., X. Espadaler, A.L. Wetterer, and S.G.M. Cabral. 2004. Native and exotic ants of the Azores (Hymenoptera: Formicidae). Sociobiology 44: 1-20.",Insular,"Azores, Portugal",Palearctic,9,70000000,4
33,"Wetterer, J.K., X. Espadaler, A.L. Wetterer, and S.G.M. Cabral. 2004. Native and exotic ants of the Azores (Hymenoptera: Formicidae). Sociobiology 44: 1-20.",Insular,"Azores, Portugal",Palearctic,9,103000000,5
33,"Wetterer, J.K., X. Espadaler, A.L. Wetterer, and S.G.M. Cabral. 2004. Native and exotic ants of the Azores (Hymenoptera: Formicidae). Sociobiology 44: 1-20.",Insular,"Azores, Portugal",Palearctic,9,261000000,5
33,"Wetterer, J.K., X. Espadaler, A.L. Wetterer, and S.G.M. Cabral. 2004. Native and exotic ants of the Azores (Hymenoptera: Formicidae). Sociobiology 44: 1-20.",Insular,"Azores, Portugal",Palearctic,9,182000000,8
33,"Wetterer, J.K., X. Espadaler, A.L. Wetterer, and S.G.M. Cabral. 2004. Native and exotic ants of the Azores (Hymenoptera: Formicidae). Sociobiology 44: 1-20.",Insular,"Azores, Portugal",Palearctic,9,461000000,8
33,"Wetterer, J.K., X. Espadaler, A.L. Wetterer, and S.G.M. Cabral. 2004. Native and exotic ants of the Azores (Hymenoptera: Formicidae). Sociobiology 44: 1-20.",Insular,"Azores, Portugal",Palearctic,9,416000000,8
33,"Wetterer, J.K., X. Espadaler, A.L. Wetterer, and S.G.M. Cabral. 2004. Native and exotic ants of the Azores (Hymenoptera: Formicidae). Sociobiology 44: 1-20.",Insular,"Azores, Portugal",Palearctic,9,769000000,12
34,"Wetterer, J.K. 2006. Ants (Hymenoptera: Formicidae) of Niue, Polynesia. Pacific Science 60: 413-416. ",Insular,"Niue, Polynesia",Oceania,1,261600000,33
35,"Wetterer, J.K., D. Lubertazzi, and E.O. Wilson. 2019. Ants (Hymenoptera: Formicidae) of Grenada. Bulletin of the Museum of Comparative Zoology 162(5): 1-38. ",Insular,West Indian Isands,Neotropic,3,344000000,70
35,"Wetterer, J.K., D. Lubertazzi, and E.O. Wilson. 2019. Ants (Hymenoptera: Formicidae) of Grenada. Bulletin of the Museum of Comparative Zoology 162(5): 1-38. ",Insular,West Indian Isands,Neotropic,3,381000000,82
35,"Wetterer, J.K., D. Lubertazzi, and E.O. Wilson. 2019. Ants (Hymenoptera: Formicidae) of Grenada. Bulletin of the Museum of Comparative Zoology 162(5): 1-38. ",Insular,West Indian Isands,Neotropic,3,381000000,85
36,"Wetterer, J.K., X. Espadaler, P. Ashmole, C. Cutler, and J. Endeman. 2007. Ants (Hymenoptera: Formicidae) of the South Atlantic islands of Ascension Island, St Helena, and Tristan da Cunha. Myrmecological News 10: 29-37",Insular,Mid-Atlantic Ridge Islands,Afrotropic,3,103000000,1
36,"Wetterer, J.K., X. Espadaler, P. Ashmole, C. Cutler, and J. Endeman. 2007. Ants (Hymenoptera: Formicidae) of the South Atlantic islands of Ascension Island, St Helena, and Tristan da Cunha. Myrmecological News 10: 29-37",Insular,Mid-Atlantic Ridge Islands,Afrotropic,3,97000000,10
36,"Wetterer, J.K., X. Espadaler, P. Ashmole, C. Cutler, and J. Endeman. 2007. Ants (Hymenoptera: Formicidae) of the South Atlantic islands of Ascension Island, St Helena, and Tristan da Cunha. Myrmecological News 10: 29-37",Insular,Mid-Atlantic Ridge Islands,Afrotropic,3,126000000,16
37,"Wetterer, unpublished data",Insular,"Cabo Verde, Atlantic",Afrotropic,9,634000000,13
37,"Wetterer, unpublished data",Insular,"Cabo Verde, Atlantic",Afrotropic,9,233000000,13
37,"Wetterer, unpublished data",Insular,"Cabo Verde, Atlantic",Afrotropic,9,67000000,14
37,"Wetterer, unpublished data",Insular,"Cabo Verde, Atlantic",Afrotropic,9,352000000,14
37,"Wetterer, unpublished data",Insular,"Cabo Verde, Atlantic",Afrotropic,9,279000000,16
37,"Wetterer, unpublished data",Insular,"Cabo Verde, Atlantic",Afrotropic,9,634000000,19
37,"Wetterer, unpublished data",Insular,"Cabo Verde, Atlantic",Afrotropic,9,787000000,20
37,"Wetterer, unpublished data",Insular,"Cabo Verde, Atlantic",Afrotropic,9,475000000,22
37,"Wetterer, unpublished data",Insular,"Cabo Verde, Atlantic",Afrotropic,9,940000000,24
38,"Wetterer, unpublished data",Insular,Ireland,Palearctic,1,81638000000,28
39,"Baroni Urbani, C. 1968. Studi sulla mirmecofauna d'Italia. IV. La fauna mirmecologica delle isole Maltesi ed il suo significato ecologico e biogeografico. Ann. Mus. Civ. Stor. Nat. ""Giacomo Doria"" 77: 408-559.",Insular,Malta Archipelago,Palearctic,9,25711000000,43
39,"Baroni Urbani, C. 1968. Studi sulla mirmecofauna d'Italia. IV. La fauna mirmecologica delle isole Maltesi ed il suo significato ecologico e biogeografico. Ann. Mus. Civ. Stor. Nat. ""Giacomo Doria"" 77: 408-559.",Insular,Malta Archipelago,Palearctic,9,83009119,10
39,"Baroni Urbani, C. 1968. Studi sulla mirmecofauna d'Italia. IV. La fauna mirmecologica delle isole Maltesi ed il suo significato ecologico e biogeografico. Ann. Mus. Civ. Stor. Nat. ""Giacomo Doria"" 77: 408-559.",Insular,Malta Archipelago,Palearctic,9,67002992,16
39,"Baroni Urbani, C. 1968. Studi sulla mirmecofauna d'Italia. IV. La fauna mirmecologica delle isole Maltesi ed il suo significato ecologico e biogeografico. Ann. Mus. Civ. Stor. Nat. ""Giacomo Doria"" 77: 408-559.",Insular,Malta Archipelago,Palearctic,9,3499073.9,11
39,"Baroni Urbani, C. 1968. Studi sulla mirmecofauna d'Italia. IV. La fauna mirmecologica delle isole Maltesi ed il suo significato ecologico e biogeografico. Ann. Mus. Civ. Stor. Nat. ""Giacomo Doria"" 77: 408-559.",Insular,Malta Archipelago,Palearctic,9,316000000,26
39,"Baroni Urbani, C. 1968. Studi sulla mirmecofauna d'Italia. IV. La fauna mirmecologica delle isole Maltesi ed il suo significato ecologico e biogeografico. Ann. Mus. Civ. Stor. Nat. ""Giacomo Doria"" 77: 408-559.",Insular,Malta Archipelago,Palearctic,9,5449335,4
39,"Baroni Urbani, C. 1968. Studi sulla mirmecofauna d'Italia. IV. La fauna mirmecologica delle isole Maltesi ed il suo significato ecologico e biogeografico. Ann. Mus. Civ. Stor. Nat. ""Giacomo Doria"" 77: 408-559.",Insular,Malta Archipelago,Palearctic,9,20199317,13
39,"Baroni Urbani, C. 1968. Studi sulla mirmecofauna d'Italia. IV. La fauna mirmecologica delle isole Maltesi ed il suo significato ecologico e biogeografico. Ann. Mus. Civ. Stor. Nat. ""Giacomo Doria"" 77: 408-559.",Insular,Malta Archipelago,Palearctic,9,34561,7
39,"Baroni Urbani, C. 1968. Studi sulla mirmecofauna d'Italia. IV. La fauna mirmecologica delle isole Maltesi ed il suo significato ecologico e biogeografico. Ann. Mus. Civ. Stor. Nat. ""Giacomo Doria"" 77: 408-559.",Insular,Malta Archipelago,Palearctic,9,36259.834,1
40,"Baroni Urbani, C. 1971. Studien zur Ameisenfauna Italiens XI. Die Ameisen des Toskanischen Archipels. Betrachtungen zur Herkunft der Inselfaunen. Rev. Suisse Zool. 7 78: 1037-1067.",Insular,Tuscan Archipelago,Palearctic,22,224008000,31
40,"Baroni Urbani, C. 1971. Studien zur Ameisenfauna Italiens XI. Die Ameisen des Toskanischen Archipels. Betrachtungen zur Herkunft der Inselfaunen. Rev. Suisse Zool. 7 78: 1037-1067.",Insular,Tuscan Archipelago,Palearctic,22,23799401,31
40,"Baroni Urbani, C. 1971. Studien zur Ameisenfauna Italiens XI. Die Ameisen des Toskanischen Archipels. Betrachtungen zur Herkunft der Inselfaunen. Rev. Suisse Zool. 7 78: 1037-1067.",Insular,Tuscan Archipelago,Palearctic,22,19321311,24
40,"Baroni Urbani, C. 1971. Studien zur Ameisenfauna Italiens XI. Die Ameisen des Toskanischen Archipels. Betrachtungen zur Herkunft der Inselfaunen. Rev. Suisse Zool. 7 78: 1037-1067.",Insular,Tuscan Archipelago,Palearctic,22,10391032,14
40,"Baroni Urbani, C. 1971. Studien zur Ameisenfauna Italiens XI. Die Ameisen des Toskanischen Archipels. Betrachtungen zur Herkunft der Inselfaunen. Rev. Suisse Zool. 7 78: 1037-1067.",Insular,Tuscan Archipelago,Palearctic,22,10360000,16
40,"Baroni Urbani, C. 1971. Studien zur Ameisenfauna Italiens XI. Die Ameisen des Toskanischen Archipels. Betrachtungen zur Herkunft der Inselfaunen. Rev. Suisse Zool. 7 78: 1037-1067.",Insular,Tuscan Archipelago,Palearctic,22,2999206.2,15
40,"Baroni Urbani, C. 1971. Studien zur Ameisenfauna Italiens XI. Die Ameisen des Toskanischen Archipels. Betrachtungen zur Herkunft der Inselfaunen. Rev. Suisse Zool. 7 78: 1037-1067.",Insular,Tuscan Archipelago,Palearctic,22,2227390,22
40,"Baroni Urbani, C. 1971. Studien zur Ameisenfauna Italiens XI. Die Ameisen des Toskanischen Archipels. Betrachtungen zur Herkunft der Inselfaunen. Rev. Suisse Zool. 7 78: 1037-1067.",Insular,Tuscan Archipelago,Palearctic,22,699296.8,7
40,"Baroni Urbani, C. 1971. Studien zur Ameisenfauna Italiens XI. Die Ameisen des Toskanischen Archipels. Betrachtungen zur Herkunft der Inselfaunen. Rev. Suisse Zool. 7 78: 1037-1067.",Insular,Tuscan Archipelago,Palearctic,22,4000,7
40,"Baroni Urbani, C. 1971. Studien zur Ameisenfauna Italiens XI. Die Ameisen des Toskanischen Archipels. Betrachtungen zur Herkunft der Inselfaunen. Rev. Suisse Zool. 7 78: 1037-1067.",Insular,Tuscan Archipelago,Palearctic,22,35071,3
40,"Baroni Urbani, C. 1971. Studien zur Ameisenfauna Italiens XI. Die Ameisen des Toskanischen Archipels. Betrachtungen zur Herkunft der Inselfaunen. Rev. Suisse Zool. 7 78: 1037-1067.",Insular,Tuscan Archipelago,Palearctic,22,16000,8
40,"Baroni Urbani, C. 1971. Studien zur Ameisenfauna Italiens XI. Die Ameisen des Toskanischen Archipels. Betrachtungen zur Herkunft der Inselfaunen. Rev. Suisse Zool. 7 78: 1037-1067.",Insular,Tuscan Archipelago,Palearctic,22,16000,2
40,"Baroni Urbani, C. 1971. Studien zur Ameisenfauna Italiens XI. Die Ameisen des Toskanischen Archipels. Betrachtungen zur Herkunft der Inselfaunen. Rev. Suisse Zool. 7 78: 1037-1067.",Insular,Tuscan Archipelago,Palearctic,22,2500,6
40,"Baroni Urbani, C. 1971. Studien zur Ameisenfauna Italiens XI. Die Ameisen des Toskanischen Archipels. Betrachtungen zur Herkunft der Inselfaunen. Rev. Suisse Zool. 7 78: 1037-1067.",Insular,Tuscan Archipelago,Palearctic,22,5300,6
40,"Baroni Urbani, C. 1971. Studien zur Ameisenfauna Italiens XI. Die Ameisen des Toskanischen Archipels. Betrachtungen zur Herkunft der Inselfaunen. Rev. Suisse Zool. 7 78: 1037-1067.",Insular,Tuscan Archipelago,Palearctic,22,12000,5
40,"Baroni Urbani, C. 1971. Studien zur Ameisenfauna Italiens XI. Die Ameisen des Toskanischen Archipels. Betrachtungen zur Herkunft der Inselfaunen. Rev. Suisse Zool. 7 78: 1037-1067.",Insular,Tuscan Archipelago,Palearctic,22,14000,2
40,"Baroni Urbani, C. 1971. Studien zur Ameisenfauna Italiens XI. Die Ameisen des Toskanischen Archipels. Betrachtungen zur Herkunft der Inselfaunen. Rev. Suisse Zool. 7 78: 1037-1067.",Insular,Tuscan Archipelago,Palearctic,22,13750,7
40,"Baroni Urbani, C. 1971. Studien zur Ameisenfauna Italiens XI. Die Ameisen des Toskanischen Archipels. Betrachtungen zur Herkunft der Inselfaunen. Rev. Suisse Zool. 7 78: 1037-1067.",Insular,Tuscan Archipelago,Palearctic,22,3120,1
40,"Baroni Urbani, C. 1971. Studien zur Ameisenfauna Italiens XI. Die Ameisen des Toskanischen Archipels. Betrachtungen zur Herkunft der Inselfaunen. Rev. Suisse Zool. 7 78: 1037-1067.",Insular,Tuscan Archipelago,Palearctic,22,14000,11
40,"Baroni Urbani, C. 1971. Studien zur Ameisenfauna Italiens XI. Die Ameisen des Toskanischen Archipels. Betrachtungen zur Herkunft der Inselfaunen. Rev. Suisse Zool. 7 78: 1037-1067.",Insular,Tuscan Archipelago,Palearctic,22,150,1
40,"Baroni Urbani, C. 1971. Studien zur Ameisenfauna Italiens XI. Die Ameisen des Toskanischen Archipels. Betrachtungen zur Herkunft der Inselfaunen. Rev. Suisse Zool. 7 78: 1037-1067.",Insular,Tuscan Archipelago,Palearctic,22,5500,6
40,"Baroni Urbani, C. 1971. Studien zur Ameisenfauna Italiens XI. Die Ameisen des Toskanischen Archipels. Betrachtungen zur Herkunft der Inselfaunen. Rev. Suisse Zool. 7 78: 1037-1067.",Insular,Tuscan Archipelago,Palearctic,22,5300,6
41,"Baroni Urbani, C. 1974. Studi sulla mirmecofauna d'Italia. XII. Le Isole Pontine. Fragm. Entomol. 9: 225-252.",Insular,Pontine islands,Palearctic,10,7000000,18
41,"Baroni Urbani, C. 1974. Studi sulla mirmecofauna d'Italia. XII. Le Isole Pontine. Fragm. Entomol. 9: 225-252.",Insular,Pontine islands,Palearctic,10,1000000,22
41,"Baroni Urbani, C. 1974. Studi sulla mirmecofauna d'Italia. XII. Le Isole Pontine. Fragm. Entomol. 9: 225-252.",Insular,Pontine islands,Palearctic,10,1000000,10
41,"Baroni Urbani, C. 1974. Studi sulla mirmecofauna d'Italia. XII. Le Isole Pontine. Fragm. Entomol. 9: 225-252.",Insular,Pontine islands,Palearctic,10,270000,2
41,"Baroni Urbani, C. 1974. Studi sulla mirmecofauna d'Italia. XII. Le Isole Pontine. Fragm. Entomol. 9: 225-252.",Insular,Pontine islands,Palearctic,10,23000,1
41,"Baroni Urbani, C. 1974. Studi sulla mirmecofauna d'Italia. XII. Le Isole Pontine. Fragm. Entomol. 9: 225-252.",Insular,Pontine islands,Palearctic,10,18000,4
41,"Baroni Urbani, C. 1974. Studi sulla mirmecofauna d'Italia. XII. Le Isole Pontine. Fragm. Entomol. 9: 225-252.",Insular,Pontine islands,Palearctic,10,4000,3
41,"Baroni Urbani, C. 1974. Studi sulla mirmecofauna d'Italia. XII. Le Isole Pontine. Fragm. Entomol. 9: 225-252.",Insular,Pontine islands,Palearctic,10,3800,4
41,"Baroni Urbani, C. 1974. Studi sulla mirmecofauna d'Italia. XII. Le Isole Pontine. Fragm. Entomol. 9: 225-252.",Insular,Pontine islands,Palearctic,10,3700,1
41,"Baroni Urbani, C. 1974. Studi sulla mirmecofauna d'Italia. XII. Le Isole Pontine. Fragm. Entomol. 9: 225-252.",Insular,Pontine islands,Palearctic,10,2000,1
42,"Baroni Urbani, C. 1976. Le formiche dell'arcipelago della Galita (Tunisia). Redia 59: 207-223.",Insular,Galite Islands,Palearctic,1,8270000,15
43,"Borowiec, L.; Salata, S. 2018. Notes on ants (Hymenoptera: Formicidae) of Samos Island, Greece. Annals of the Upper Silesian Museum, Entomology 27(online003):1-13.",Insular,Aegean Sea,Palearctic,1,477335000,56
44,"Borowiec, L.; Salata, S. 2018e. Notes on ants (Hymenoptera: Formicidae) of Zakynthos Island, Greece. Annals of the Upper Silesian Museum, Entomology 27 (004):1-13.",Insular,Ionian islands,Palearctic,1,405540338,45
45,"Collingwood, C. A. 1993b. A comparative study of the ant fauna of five Greek islands. Biologia Gallo-Hellenica 20:191-197.",Insular,Ionian islands,Palearctic,1,786579000,26
45,"Collingwood, C. A. 1993b. A comparative study of the ant fauna of five Greek islands. Biologia Gallo-Hellenica 20:191-197.",Insular,Ionian islands,Palearctic,1,76197450,17
45,"Collingwood, C. A. 1993b. A comparative study of the ant fauna of five Greek islands. Biologia Gallo-Hellenica 20:191-197.",Insular,Ionian islands,Palearctic,1,302250000,40
45,"Collingwood, C. A. 1993b. A comparative study of the ant fauna of five Greek islands. Biologia Gallo-Hellenica 20:191-197.",Insular,Ionian islands,Palearctic,1,842523000,32
45,"Collingwood, C. A. 1993b. A comparative study of the ant fauna of five Greek islands. Biologia Gallo-Hellenica 20:191-197.",Insular,Ionian islands,Palearctic,1,405540338,24
46,"Zhao, Y, Dunn, RR, Zhou, H, Si, X, Ding, P. Island area, not isolation, drives taxonomic, phylogenetic and functional diversity of ants on land?bridge islands. J Biogeogr. 2020; 47: 1627– 1637.",Mainland,Thousand Island Lake,Palearctic,33,12892323.28,66
46,"Zhao, Y, Dunn, RR, Zhou, H, Si, X, Ding, P. Island area, not isolation, drives taxonomic, phylogenetic and functional diversity of ants on land?bridge islands. J Biogeogr. 2020; 47: 1627– 1637.",Mainland,Thousand Island Lake,Palearctic,33,1431925.361,59
46,"Zhao, Y, Dunn, RR, Zhou, H, Si, X, Ding, P. Island area, not isolation, drives taxonomic, phylogenetic and functional diversity of ants on land?bridge islands. J Biogeogr. 2020; 47: 1627– 1637.",Mainland,Thousand Island Lake,Palearctic,33,1090311.275,68
46,"Zhao, Y, Dunn, RR, Zhou, H, Si, X, Ding, P. Island area, not isolation, drives taxonomic, phylogenetic and functional diversity of ants on land?bridge islands. J Biogeogr. 2020; 47: 1627– 1637.",Mainland,Thousand Island Lake,Palearctic,33,550816.0912,54
46,"Zhao, Y, Dunn, RR, Zhou, H, Si, X, Ding, P. Island area, not isolation, drives taxonomic, phylogenetic and functional diversity of ants on land?bridge islands. J Biogeogr. 2020; 47: 1627– 1637.",Mainland,Thousand Island Lake,Palearctic,33,463698.7829,48
46,"Zhao, Y, Dunn, RR, Zhou, H, Si, X, Ding, P. Island area, not isolation, drives taxonomic, phylogenetic and functional diversity of ants on land?bridge islands. J Biogeogr. 2020; 47: 1627– 1637.",Mainland,Thousand Island Lake,Palearctic,33,322934.0729,40
46,"Zhao, Y, Dunn, RR, Zhou, H, Si, X, Ding, P. Island area, not isolation, drives taxonomic, phylogenetic and functional diversity of ants on land?bridge islands. J Biogeogr. 2020; 47: 1627– 1637.",Mainland,Thousand Island Lake,Palearctic,33,120200.0001,30
46,"Zhao, Y, Dunn, RR, Zhou, H, Si, X, Ding, P. Island area, not isolation, drives taxonomic, phylogenetic and functional diversity of ants on land?bridge islands. J Biogeogr. 2020; 47: 1627– 1637.",Mainland,Thousand Island Lake,Palearctic,33,28999.80836,35
46,"Zhao, Y, Dunn, RR, Zhou, H, Si, X, Ding, P. Island area, not isolation, drives taxonomic, phylogenetic and functional diversity of ants on land?bridge islands. J Biogeogr. 2020; 47: 1627– 1637.",Mainland,Thousand Island Lake,Palearctic,33,28323.27532,35
46,"Zhao, Y, Dunn, RR, Zhou, H, Si, X, Ding, P. Island area, not isolation, drives taxonomic, phylogenetic and functional diversity of ants on land?bridge islands. J Biogeogr. 2020; 47: 1627– 1637.",Mainland,Thousand Island Lake,Palearctic,33,25526.66665,29
46,"Zhao, Y, Dunn, RR, Zhou, H, Si, X, Ding, P. Island area, not isolation, drives taxonomic, phylogenetic and functional diversity of ants on land?bridge islands. J Biogeogr. 2020; 47: 1627– 1637.",Mainland,Thousand Island Lake,Palearctic,33,22328.2375,19
46,"Zhao, Y, Dunn, RR, Zhou, H, Si, X, Ding, P. Island area, not isolation, drives taxonomic, phylogenetic and functional diversity of ants on land?bridge islands. J Biogeogr. 2020; 47: 1627– 1637.",Mainland,Thousand Island Lake,Palearctic,33,17378.30584,34
46,"Zhao, Y, Dunn, RR, Zhou, H, Si, X, Ding, P. Island area, not isolation, drives taxonomic, phylogenetic and functional diversity of ants on land?bridge islands. J Biogeogr. 2020; 47: 1627– 1637.",Mainland,Thousand Island Lake,Palearctic,33,15445.42073,31
46,"Zhao, Y, Dunn, RR, Zhou, H, Si, X, Ding, P. Island area, not isolation, drives taxonomic, phylogenetic and functional diversity of ants on land?bridge islands. J Biogeogr. 2020; 47: 1627– 1637.",Mainland,Thousand Island Lake,Palearctic,33,15349,28
46,"Zhao, Y, Dunn, RR, Zhou, H, Si, X, Ding, P. Island area, not isolation, drives taxonomic, phylogenetic and functional diversity of ants on land?bridge islands. J Biogeogr. 2020; 47: 1627– 1637.",Mainland,Thousand Island Lake,Palearctic,33,15243.81835,26
46,"Zhao, Y, Dunn, RR, Zhou, H, Si, X, Ding, P. Island area, not isolation, drives taxonomic, phylogenetic and functional diversity of ants on land?bridge islands. J Biogeogr. 2020; 47: 1627– 1637.",Mainland,Thousand Island Lake,Palearctic,33,13992.96964,28
46,"Zhao, Y, Dunn, RR, Zhou, H, Si, X, Ding, P. Island area, not isolation, drives taxonomic, phylogenetic and functional diversity of ants on land?bridge islands. J Biogeogr. 2020; 47: 1627– 1637.",Mainland,Thousand Island Lake,Palearctic,33,12552.66666,34
46,"Zhao, Y, Dunn, RR, Zhou, H, Si, X, Ding, P. Island area, not isolation, drives taxonomic, phylogenetic and functional diversity of ants on land?bridge islands. J Biogeogr. 2020; 47: 1627– 1637.",Mainland,Thousand Island Lake,Palearctic,33,12024.72552,26
46,"Zhao, Y, Dunn, RR, Zhou, H, Si, X, Ding, P. Island area, not isolation, drives taxonomic, phylogenetic and functional diversity of ants on land?bridge islands. J Biogeogr. 2020; 47: 1627– 1637.",Mainland,Thousand Island Lake,Palearctic,33,12020.5948,36
46,"Zhao, Y, Dunn, RR, Zhou, H, Si, X, Ding, P. Island area, not isolation, drives taxonomic, phylogenetic and functional diversity of ants on land?bridge islands. J Biogeogr. 2020; 47: 1627– 1637.",Mainland,Thousand Island Lake,Palearctic,33,9647.009629,22
46,"Zhao, Y, Dunn, RR, Zhou, H, Si, X, Ding, P. Island area, not isolation, drives taxonomic, phylogenetic and functional diversity of ants on land?bridge islands. J Biogeogr. 2020; 47: 1627– 1637.",Mainland,Thousand Island Lake,Palearctic,33,8329.445636,28
46,"Zhao, Y, Dunn, RR, Zhou, H, Si, X, Ding, P. Island area, not isolation, drives taxonomic, phylogenetic and functional diversity of ants on land?bridge islands. J Biogeogr. 2020; 47: 1627– 1637.",Mainland,Thousand Island Lake,Palearctic,33,6661.450238,26
46,"Zhao, Y, Dunn, RR, Zhou, H, Si, X, Ding, P. Island area, not isolation, drives taxonomic, phylogenetic and functional diversity of ants on land?bridge islands. J Biogeogr. 2020; 47: 1627– 1637.",Mainland,Thousand Island Lake,Palearctic,33,6400,27
46,"Zhao, Y, Dunn, RR, Zhou, H, Si, X, Ding, P. Island area, not isolation, drives taxonomic, phylogenetic and functional diversity of ants on land?bridge islands. J Biogeogr. 2020; 47: 1627– 1637.",Mainland,Thousand Island Lake,Palearctic,33,5908.701887,21
46,"Zhao, Y, Dunn, RR, Zhou, H, Si, X, Ding, P. Island area, not isolation, drives taxonomic, phylogenetic and functional diversity of ants on land?bridge islands. J Biogeogr. 2020; 47: 1627– 1637.",Mainland,Thousand Island Lake,Palearctic,33,5861.666668,22
46,"Zhao, Y, Dunn, RR, Zhou, H, Si, X, Ding, P. Island area, not isolation, drives taxonomic, phylogenetic and functional diversity of ants on land?bridge islands. J Biogeogr. 2020; 47: 1627– 1637.",Mainland,Thousand Island Lake,Palearctic,33,3482.999996,18
46,"Zhao, Y, Dunn, RR, Zhou, H, Si, X, Ding, P. Island area, not isolation, drives taxonomic, phylogenetic and functional diversity of ants on land?bridge islands. J Biogeogr. 2020; 47: 1627– 1637.",Mainland,Thousand Island Lake,Palearctic,33,3438.333337,21
46,"Zhao, Y, Dunn, RR, Zhou, H, Si, X, Ding, P. Island area, not isolation, drives taxonomic, phylogenetic and functional diversity of ants on land?bridge islands. J Biogeogr. 2020; 47: 1627– 1637.",Mainland,Thousand Island Lake,Palearctic,33,3046,17
46,"Zhao, Y, Dunn, RR, Zhou, H, Si, X, Ding, P. Island area, not isolation, drives taxonomic, phylogenetic and functional diversity of ants on land?bridge islands. J Biogeogr. 2020; 47: 1627– 1637.",Mainland,Thousand Island Lake,Palearctic,33,2265.333331,19
46,"Zhao, Y, Dunn, RR, Zhou, H, Si, X, Ding, P. Island area, not isolation, drives taxonomic, phylogenetic and functional diversity of ants on land?bridge islands. J Biogeogr. 2020; 47: 1627– 1637.",Mainland,Thousand Island Lake,Palearctic,33,1651.666666,11
46,"Zhao, Y, Dunn, RR, Zhou, H, Si, X, Ding, P. Island area, not isolation, drives taxonomic, phylogenetic and functional diversity of ants on land?bridge islands. J Biogeogr. 2020; 47: 1627– 1637.",Mainland,Thousand Island Lake,Palearctic,33,1607.666666,13
46,"Zhao, Y, Dunn, RR, Zhou, H, Si, X, Ding, P. Island area, not isolation, drives taxonomic, phylogenetic and functional diversity of ants on land?bridge islands. J Biogeogr. 2020; 47: 1627– 1637.",Mainland,Thousand Island Lake,Palearctic,33,1451.666668,22
46,"Zhao, Y, Dunn, RR, Zhou, H, Si, X, Ding, P. Island area, not isolation, drives taxonomic, phylogenetic and functional diversity of ants on land?bridge islands. J Biogeogr. 2020; 47: 1627– 1637.",Mainland,Thousand Island Lake,Palearctic,33,1328.666668,13
47,"Poldi, B.; Mei, M.; Rigato, F. 1995. Hymenoptera Formicidae. Checklist delle Specie della Fauna Italiana 102:1-10.",Insular,Mediterranean Sea,Palearctic,2,25710800000,95
47,"Poldi, B.; Mei, M.; Rigato, F. 1995. Hymenoptera Formicidae. Checklist delle Specie della Fauna Italiana 102:1-10.",Insular,Mediterranean Sea,Palearctic,2,24089500000,65
48,"Legakis A. 2011. Annotated list of the ants (Hymenoptera, Formicidae) of Greece. Hellenic Zoological Archives. 7:1-55.",Insular,Greek Islands,Palearctic,1,8337170000,92
49,"Menozzi, C. 1936b. Nuovi contributi alla conoscenza della fauna delle Isole italiane dell'Egeo. VI. Hymenoptera - Formicidae. Bollettino del Laboratorio di Zoologia Generale e Agraria della Reale Scuola Superiore d'Agricoltura. Portici 29:262-311.",Insular,Greek Dodecanese islands,Palearctic,14,1401000000,48
49,"Menozzi, C. 1936b. Nuovi contributi alla conoscenza della fauna delle Isole italiane dell'Egeo. VI. Hymenoptera - Formicidae. Bollettino del Laboratorio di Zoologia Generale e Agraria della Reale Scuola Superiore d'Agricoltura. Portici 29:262-311.",Insular,Greek Dodecanese islands,Palearctic,14,287230000,21
49,"Menozzi, C. 1936b. Nuovi contributi alla conoscenza della fauna delle Isole italiane dell'Egeo. VI. Hymenoptera - Formicidae. Bollettino del Laboratorio di Zoologia Generale e Agraria della Reale Scuola Superiore d'Agricoltura. Portici 29:262-311.",Insular,Greek Dodecanese islands,Palearctic,14,111136000,11
49,"Menozzi, C. 1936b. Nuovi contributi alla conoscenza della fauna delle Isole italiane dell'Egeo. VI. Hymenoptera - Formicidae. Bollettino del Laboratorio di Zoologia Generale e Agraria della Reale Scuola Superiore d'Agricoltura. Portici 29:262-311.",Insular,Greek Dodecanese islands,Palearctic,14,65759798,2
49,"Menozzi, C. 1936b. Nuovi contributi alla conoscenza della fauna delle Isole italiane dell'Egeo. VI. Hymenoptera - Formicidae. Bollettino del Laboratorio di Zoologia Generale e Agraria della Reale Scuola Superiore d'Agricoltura. Portici 29:262-311.",Insular,Greek Dodecanese islands,Palearctic,14,61486318,2
49,"Menozzi, C. 1936b. Nuovi contributi alla conoscenza della fauna delle Isole italiane dell'Egeo. VI. Hymenoptera - Formicidae. Bollettino del Laboratorio di Zoologia Generale e Agraria della Reale Scuola Superiore d'Agricoltura. Portici 29:262-311.",Insular,Greek Dodecanese islands,Palearctic,14,66407295,7
49,"Menozzi, C. 1936b. Nuovi contributi alla conoscenza della fauna delle Isole italiane dell'Egeo. VI. Hymenoptera - Formicidae. Bollettino del Laboratorio di Zoologia Generale e Agraria della Reale Scuola Superiore d'Agricoltura. Portici 29:262-311.",Insular,Greek Dodecanese islands,Palearctic,14,34602241,5
49,"Menozzi, C. 1936b. Nuovi contributi alla conoscenza della fauna delle Isole italiane dell'Egeo. VI. Hymenoptera - Formicidae. Bollettino del Laboratorio di Zoologia Generale e Agraria della Reale Scuola Superiore d'Agricoltura. Portici 29:262-311.",Insular,Greek Dodecanese islands,Palearctic,14,41258511,5
49,"Menozzi, C. 1936b. Nuovi contributi alla conoscenza della fauna delle Isole italiane dell'Egeo. VI. Hymenoptera - Formicidae. Bollettino del Laboratorio di Zoologia Generale e Agraria della Reale Scuola Superiore d'Agricoltura. Portici 29:262-311.",Insular,Greek Dodecanese islands,Palearctic,14,26987676,2
49,"Menozzi, C. 1936b. Nuovi contributi alla conoscenza della fauna delle Isole italiane dell'Egeo. VI. Hymenoptera - Formicidae. Bollettino del Laboratorio di Zoologia Generale e Agraria della Reale Scuola Superiore d'Agricoltura. Portici 29:262-311.",Insular,Greek Dodecanese islands,Palearctic,14,14615303,2
49,"Menozzi, C. 1936b. Nuovi contributi alla conoscenza della fauna delle Isole italiane dell'Egeo. VI. Hymenoptera - Formicidae. Bollettino del Laboratorio di Zoologia Generale e Agraria della Reale Scuola Superiore d'Agricoltura. Portici 29:262-311.",Insular,Greek Dodecanese islands,Palearctic,14,4636079,5
49,"Menozzi, C. 1936b. Nuovi contributi alla conoscenza della fauna delle Isole italiane dell'Egeo. VI. Hymenoptera - Formicidae. Bollettino del Laboratorio di Zoologia Generale e Agraria della Reale Scuola Superiore d'Agricoltura. Portici 29:262-311.",Insular,Greek Dodecanese islands,Palearctic,14,7428085,1
49,"Menozzi, C. 1936b. Nuovi contributi alla conoscenza della fauna delle Isole italiane dell'Egeo. VI. Hymenoptera - Formicidae. Bollettino del Laboratorio di Zoologia Generale e Agraria della Reale Scuola Superiore d'Agricoltura. Portici 29:262-311.",Insular,Greek Dodecanese islands,Palearctic,14,4558379,3
49,"Menozzi, C. 1936b. Nuovi contributi alla conoscenza della fauna delle Isole italiane dell'Egeo. VI. Hymenoptera - Formicidae. Bollettino del Laboratorio di Zoologia Generale e Agraria della Reale Scuola Superiore d'Agricoltura. Portici 29:262-311.",Insular,Greek Dodecanese islands,Palearctic,14,302250000,30
14a,"Boulton & Ward, Island Biogeography of the Sea of Cortez , chp 10",Insular,Seea of Cortez,Neotropic,37,129000,2
14a,"Boulton & Ward, Island Biogeography of the Sea of Cortez , chp 13",Insular,Seea of Cortez,Neotropic,37,22000,2
14a,"Boulton & Ward, Island Biogeography of the Sea of Cortez , chp 14",Insular,Seea of Cortez,Neotropic,37,47000,2
14a,"Boulton & Ward, Island Biogeography of the Sea of Cortez , chp 11",Insular,Seea of Cortez,Neotropic,37,39000,3
14a,"Boulton & Ward, Island Biogeography of the Sea of Cortez , chp 8",Insular,Seea of Cortez,Neotropic,37,37000,4
14a,"Boulton & Ward, Island Biogeography of the Sea of Cortez , chp 15",Insular,Seea of Cortez,Neotropic,37,20000,4
14a,"Boulton & Ward, Island Biogeography of the Sea of Cortez , chp 5",Insular,Seea of Cortez,Neotropic,37,72000,5
14a,"Boulton & Ward, Island Biogeography of the Sea of Cortez , chp 6",Insular,Seea of Cortez,Neotropic,37,93000,6
14a,"Boulton & Ward, Island Biogeography of the Sea of Cortez , chp 17",Insular,Seea of Cortez,Neotropic,37,136000,7
14a,"Boulton & Ward, Island Biogeography of the Sea of Cortez , chp 16",Insular,Seea of Cortez,Neotropic,37,156000,9
14a,"Boulton & Ward, Island Biogeography of the Sea of Cortez , chp 7",Insular,Seea of Cortez,Neotropic,37,704000,10
14a,"Boulton & Ward, Island Biogeography of the Sea of Cortez , chp 12",Insular,Seea of Cortez,Neotropic,37,1275000,14
14a,"Boulton & Ward, Island Biogeography of the Sea of Cortez , chp 9",Insular,Seea of Cortez,Neotropic,37,8684000,16
14b,"Boulton & Ward, Island Biogeography of the Sea of Cortez , chp 25",Insular,Seea of Cortez,Neotropic,37,140000,1
14b,"Boulton & Ward, Island Biogeography of the Sea of Cortez , chp 19",Insular,Seea of Cortez,Neotropic,37,35000,2
14b,"Boulton & Ward, Island Biogeography of the Sea of Cortez , chp 40",Insular,Seea of Cortez,Neotropic,37,80599000,2
14b,"Boulton & Ward, Island Biogeography of the Sea of Cortez , chp 24",Insular,Seea of Cortez,Neotropic,37,931000,2
14b,"Boulton & Ward, Island Biogeography of the Sea of Cortez , chp 26",Insular,Seea of Cortez,Neotropic,37,377000,3
14b,"Boulton & Ward, Island Biogeography of the Sea of Cortez , chp 27",Insular,Seea of Cortez,Neotropic,37,998000,3
14b,"Boulton & Ward, Island Biogeography of the Sea of Cortez , chp 39",Insular,Seea of Cortez,Neotropic,37,3868000,3
14b,"Boulton & Ward, Island Biogeography of the Sea of Cortez , chp 28",Insular,Seea of Cortez,Neotropic,37,4192000,3
14b,"Boulton & Ward, Island Biogeography of the Sea of Cortez , chp 20",Insular,Seea of Cortez,Neotropic,37,29000,4
14b,"Boulton & Ward, Island Biogeography of the Sea of Cortez , chp 21",Insular,Seea of Cortez,Neotropic,37,4000,4
14b,"Boulton & Ward, Island Biogeography of the Sea of Cortez , chp 22",Insular,Seea of Cortez,Neotropic,37,4000,4
14b,"Boulton & Ward, Island Biogeography of the Sea of Cortez , chp 30",Insular,Seea of Cortez,Neotropic,37,2900000,4
14b,"Boulton & Ward, Island Biogeography of the Sea of Cortez , chp 18",Insular,Seea of Cortez,Neotropic,37,533000,5
14b,"Boulton & Ward, Island Biogeography of the Sea of Cortez , chp 41",Insular,Seea of Cortez,Neotropic,37,139870000,5
14b,"Boulton & Ward, Island Biogeography of the Sea of Cortez , chp 36",Insular,Seea of Cortez,Neotropic,37,25000,5
14b,"Boulton & Ward, Island Biogeography of the Sea of Cortez , chp 34",Insular,Seea of Cortez,Neotropic,37,30000,7
14b,"Boulton & Ward, Island Biogeography of the Sea of Cortez , chp 38",Insular,Seea of Cortez,Neotropic,37,162260000,7
14b,"Boulton & Ward, Island Biogeography of the Sea of Cortez , chp 33",Insular,Seea of Cortez,Neotropic,37,87000,8
14b,"Boulton & Ward, Island Biogeography of the Sea of Cortez , chp 37",Insular,Seea of Cortez,Neotropic,37,38000,10
14b,"Boulton & Ward, Island Biogeography of the Sea of Cortez , chp 29",Insular,Seea of Cortez,Neotropic,37,41534000,10
14b,"Boulton & Ward, Island Biogeography of the Sea of Cortez , chp 32",Insular,Seea of Cortez,Neotropic,37,138650000,14
14b,"Boulton & Ward, Island Biogeography of the Sea of Cortez , chp 35",Insular,Seea of Cortez,Neotropic,37,4490000,14
14b,"Boulton & Ward, Island Biogeography of the Sea of Cortez , chp 23",Insular,Seea of Cortez,Neotropic,37,924100000,25
14b,"Boulton & Ward, Island Biogeography of the Sea of Cortez , chp 31",Insular,Seea of Cortez,Neotropic,37,1173400000,37
